sheet,after,chain,state,ncalls,empft,emppt,nmgrs,wage_st,inctime,firstin,meals,open,hrsopen,psoda,pfry,pentree,nregs,nregs11
1,0,Burger King,New Jersey,0,16,30,4,4.5,,.25,3,7,16,.93000001,.82999998,.85000002,4,3
1,1,Burger King,New Jersey,,20,40,4,5.0500002,,,2,7,16,1.05,.79000002,.89999998,4,3
2,0,Burger King,New Jersey,0,10,6,3,4.75,26,.5,1,7,14,1.0599999,.91000003,.95999998,2,2
2,1,Burger King,New Jersey,,7.5,10,3,5.25,19,.38,1,7,15,1.05,1.01,.94,2,2
3,0,KFC,New Jersey,3,6,13,3,4.25,13,.25,2,11,10,1.0599999,.94999999,3.0899999,5,3
3,1,KFC,New Jersey,2,4,7,3,5.0500002,26,.25,1,11,11,1.05,.94,2.75,5,3
4,0,Roy Rogers,New Jersey,0,10,12,3,4.75,4,.25,2,9,12.5,1.0599999,1,2.1300001,8,4
4,1,Roy Rogers,New Jersey,,5,30,4,5.0500002,26,.28,2,8,13.5,1.22,1.37,.88999999,6,4
5,0,Roy Rogers,New Jersey,0,5,30,4,4.5,13,.17,1,6,17,.94999999,,2.1300001,5,4
5,1,Roy Rogers,New Jersey,2,10,30,4,5.1500001,4,.18000001,2,6,17,1.05,.94,.94,5,5
6,0,Roy Rogers,New Jersey,2,2,2,2,5,13,.25,1,11,7,1.2,1.17,2.3499999,4,2
6,1,Roy Rogers,New Jersey,1,5,2,2,5.0500002,13,.15000001,1,10,8,1.11,1.01,2.23,4,2
8,0,Wendy's,New Jersey,0,,25,4,4.8000002,,.15000001,1,10.5,12,1.02,.91000003,2.28,2,1
8,1,Wendy's,New Jersey,,15,25,3,5.0500002,26,.33000001,2,10,13,1.01,1.01,.94,2,2
9,0,Burger King,New Jersey,2,12,40,4,4.3699999,26,.15000001,2,7,16,1.04,.67000002,.85000002,4,4
9,1,Burger King,New Jersey,,0,32,4,5.0500002,26,.13,2,7,16,1.11,.92000002,1.01,4,3
10,0,Burger King,New Jersey,0,15,20,4,4.25,39,.17,2,7,16,1.04,.85000002,.85000002,3,3
10,1,Burger King,New Jersey,,15,15,4,5.0500002,4,.28,2,7,16,.94,.87,.94,3,2
11,0,Burger King,New Jersey,2,10,30,4,4.25,26,.1,2,7,16,1.09,.88999999,.91000003,3,3
11,1,Burger King,New Jersey,1,12,24,3,5.0500002,,,2,7,16,1.05,.87,.94,3,2
12,0,Burger King,New Jersey,0,6.5,23.5,3,4.3699999,9,.1,2,7,16,1.05,.79000002,.91000003,3,3
12,1,Burger King,New Jersey,3,15,15,4,5.0500002,26,.25,3,7,16,1.01,.92000002,.94,3,2
13,0,KFC,New Jersey,0,0,25,3,4.5,7,.25,2,11,10,1.0599999,.94999999,2.6600001,5,4
13,1,KFC,New Jersey,1,2,11,3,5,13,.25,1,11,11,1.01,.94,2.75,4,3
14,0,KFC,New Jersey,0,10,8,2,5.1199999,6,.25,3,11,11,1.0599999,.85000002,2.49,6,5
14,1,KFC,New Jersey,,4,17,3,5.0500002,13,.25,2,11,11,1.05,.94,2.5999999,6,3
15,0,Roy Rogers,New Jersey,3,3,25,4,4.5999999,9,.15000001,2,6,17,1.02,.98000002,.94999999,5,4
15,1,Roy Rogers,New Jersey,5,5,20,3,5.0500002,,.25,2,6,17,1.05,1.01,2,3,3
16,0,Roy Rogers,New Jersey,0,6,22,4,4.5,13,.25,2,6,17,1,1,,5,5
16,1,Roy Rogers,New Jersey,,7,17,3,5.0500002,19,.25,2,6,17,1.05,1.01,.94,5,5
17,0,Roy Rogers,New Jersey,0,0,20,4,4.3699999,13,.25,2,6,17,1.0599999,1,2.02,6,5
17,1,Roy Rogers,New Jersey,1,4,35,4,5.0500002,13,.2,2,6,17,1.05,.94,.94999999,6,5
18,0,Roy Rogers,New Jersey,2,15,25,3,4.25,13,,2,6,17,,,,4,4
18,1,Roy Rogers,New Jersey,,8,38,5,5.0500002,,.25,2,6,17,1.05,1,.63,7,7
19,0,Burger King,New Jersey,3,4,31,4,4.25,4,.25,2,6,16,1.05,.91000003,.93000001,3,3
19,1,Burger King,New Jersey,,6,44,5,5.0500002,52,.30000001,2,6,16,1.04,.93000001,.94999999,2,2
21,0,KFC,New Jersey,0,5,12,3,4.4499998,6,.1,2,10.5,10.5,1.0599999,.80000001,2.1300001,3,3
21,1,KFC,New Jersey,1,0,11,2,5.0500002,,,2,11,10,.94,.94,2.4300001,3,3
22,0,Roy Rogers,New Jersey,2,3,15,4,4.3499999,26,.12,2,7,16,1.0599999,.83999997,.94999999,4,1
22,1,Roy Rogers,New Jersey,,3,15,2,5.0500002,19,.13,2,7,15,1.05,1.05,.94,4,4
23,0,Burger King,New Jersey,2,0,25,3,4.5,26,.12,2,7,16,1.0599999,.94999999,.94999999,3,2
23,1,Burger King,New Jersey,1,14,14,3,5.0500002,,,1,6.5,16.5,1.05,.94,.94,3,2
24,0,Burger King,New Jersey,2,15,15,4,4.75,13,.25,2,7,16,1.0599999,.94999999,1.01,4,3
24,1,Burger King,New Jersey,3,15,20,4,5.0500002,52,.15000001,2,,,1.05,.94,1,4,3
26,0,Burger King,New Jersey,3,30,15,4,5.5599999,6,,2,7,16,1.0599999,.91000003,.98000002,4,2
26,1,Burger King,New Jersey,2,10,20,4,5.0500002,,,2,7,16,1.01,.94,.94,5,4
27,0,KFC,New Jersey,2,4,10,4,5,,.37,1,11,10,1.0599999,.85000002,2.3399999,4,3
27,1,KFC,New Jersey,,0,7,4,5.0500002,26,.25,1,11,10,1.05,.83999997,2.53,4,3
28,0,KFC,New Jersey,6,0,14,1,4.5,,.25,2,11,10,1.0599999,1.17,2.5599999,2,1
28,1,KFC,New Jersey,3,6,2,3,,,,1,11,10,,1.05,2.6400001,3,2
29,0,KFC,New Jersey,3,0,7,2,4.5,4,.25,2,11,11,1.0599999,1.01,2.5599999,3,2
29,1,KFC,New Jersey,,0,13,3,5.0500002,26,.25,1,11,11,1.05,1.05,2.6400001,3,3
30,0,KFC,New Jersey,4,6,4,2,5,13,.37,1,11,10,1.0599999,1.0599999,2.53,2,2
30,1,KFC,New Jersey,,4,3,2,5.0500002,19,.25,1,11,10,.94,.92000002,2.6900001,2,2
31,0,KFC,New Jersey,2,4,16,3,5.25,13,.15000001,2,11,11,1.03,1.0599999,2.5599999,4,3
31,1,KFC,New Jersey,3,6,15,5,5.0500002,26,.25,1,10.5,12.5,1,1.05,2.6400001,4,4
32,0,Roy Rogers,New Jersey,0,10,20.5,3,4.5,26,.25,2,10.5,11.5,1.12,1.02,1.0599999,4,3
32,1,Roy Rogers,New Jersey,1,2,25,3,5.0500002,26,.23,2,10.5,11.5,1.22,1.11,2.28,4,4
33,0,Roy Rogers,New Jersey,0,12,20,4,5,26,.25,2,6,17,1.02,1.0700001,.94999999,5,4
33,1,Roy Rogers,New Jersey,,6,11,5,5.0500002,,.2,2,6,17,1.11,1.0599999,1.05,4,2
34,0,Roy Rogers,New Jersey,0,5,15,3,4.9499998,26,,2,10.5,11.5,1.12,1.02,1.0599999,5,3
34,1,Roy Rogers,New Jersey,,11,7,3,5.0500002,26,.5,2,10.5,11.5,1.22,1.11,.73000002,5,2
35,0,Wendy's,New Jersey,2,25,6.5,4,4.5,9,.25,2,10.5,11.5,.95999998,.94999999,2.1300001,2,2
35,1,Wendy's,New Jersey,6,13,18,3,5.0500002,13,.25,2,10.5,11.5,1.03,,,2,2
36,0,Wendy's,New Jersey,0,8,12,4,5.5,30,.17,2,10.5,13,1.02,.91000003,2.5699999,2,2
36,1,Wendy's,New Jersey,,10,35,6,5.0500002,26,.15000001,2,10.5,12.5,.94999999,.88999999,1.1900001,2,2
37,0,Burger King,Pennsylvania,2,21,9,7,4.25,4,.25,2,6.5,16.5,.98000002,.83999997,.83999997,5,3
37,1,Burger King,Pennsylvania,,6,25,7,4.25,52,.18000001,2,6.5,16.5,.98000002,.83999997,.86000001,6,3
38,0,Burger King,New Jersey,0,15,20,5,4.25,17,.15000001,2,6,17,1.05,.94999999,.98000002,3,2
38,1,Burger King,New Jersey,,10,20,6,5.0500002,,.25,3,6.5,17.5,.98000002,.81999999,.75999999,3,2
39,0,Burger King,Pennsylvania,0,1,32,2,4.25,8,,2,6.5,17.5,1.03,.73000002,.51999998,4,2
39,1,Burger King,Pennsylvania,,5,15,3,,,,2,6.5,16.5,1.05,,.63,4,2
40,0,Burger King,Pennsylvania,0,10,20,7,4.25,4,.15000001,2,6.5,16.5,.98000002,.81999999,.80000001,3,3
40,1,Burger King,Pennsylvania,,7,25,6,4.25,8,.13,2,6.5,17.5,.98000002,.81999999,.87,3,2
41,0,Burger King,Pennsylvania,0,0,27,6,4.25,18,.2,2,6.5,16.5,.98000002,.81999999,.85000002,3,3
41,1,Burger King,Pennsylvania,2,0,42,6,4.25,,,2,6.5,17.5,.94,.77999997,.91000003,3,2
42,0,Burger King,Pennsylvania,2,17,4,5,4.5,,,2,6.5,16.5,.98000002,.82999998,.86000001,3,3
42,1,Burger King,Pennsylvania,1,0,22,5,4.25,26,.25,2,6.5,16.5,.94,,,3,2
45,0,Burger King,Pennsylvania,0,0,24,6,4.25,2,.25,2,7,16,.98000002,.82999998,.86000001,3,3
45,1,Burger King,Pennsylvania,,11,12,2,4.25,26,.15000001,3,6.5,17.5,.98000002,.75,.86000001,3,3
46,0,Burger King,Pennsylvania,0,30,15,3,,19,,2,6.5,16.5,1.03,1.03,.51999998,3,3
46,1,Burger King,Pennsylvania,1,3.5,35,3,4.3000002,26,.079999998,2,6.5,16.5,1.03,,.94,4,4
47,0,Burger King,Pennsylvania,2,25,15,,4.5,4,.17,2,6,17,1.05,.86000001,.86000001,3,3
47,1,Burger King,Pennsylvania,,0,45,2,4.25,,,2,6,18,1.05,.86000001,.86000001,3,
48,0,Burger King,Pennsylvania,0,6,20,3,4.25,13,.2,3,7,14,1.01,.83999997,.63,4,3
48,1,Burger King,Pennsylvania,,7.5,25,5,4.3800001,13,.25,3,7,14,.98000002,.79000002,.87,4,3
49,0,KFC,Pennsylvania,0,6.5,6.5,4,,26,,2,10,13,1.01,.89999998,2.3499999,4,3
49,1,KFC,Pennsylvania,,0,15,4,4.4499998,13,.050000001,2,10,13,1.01,.88999999,2.3499999,4,4
50,0,KFC,Pennsylvania,0,6,10,3,4.5,13,,2,10,12,1.01,.88999999,3.5,4,3
50,1,KFC,Pennsylvania,,4,20,3,4.75,13,.1,2,10,13,1.01,.88999999,2.3499999,4,3
51,0,KFC,Pennsylvania,1,0,15,3,4.25,,.15000001,2,10,13,1.01,.88999999,2.3499999,4,3
51,1,KFC,Pennsylvania,2,6,15,3,4.25,,,2,10,13,1,.88999999,2.3499999,5,3
56,0,Wendy's,Pennsylvania,0,20,20,4,5,26,.1,2,10,12,.87,.81999999,1.79,2,2
56,1,Wendy's,Pennsylvania,,0,36,2,5.25,26,.15000001,2,10,12,.92000002,.79000002,.87,2,2
57,0,Wendy's,Pennsylvania,0,30,10,3,4.6700001,26,.07,2,10,12,.87,.79000002,.89999998,2,2
57,1,Wendy's,Pennsylvania,1,7,18,4,4.5,26,.13,2,10,12,1.01,.77999997,.89999998,2,2
58,0,Wendy's,Pennsylvania,2,8,25,3,4.75,26,.15000001,2,10,12,.87,.76999998,1.01,2,2
58,1,Wendy's,Pennsylvania,2,0,28,4,4.5,26,.079999998,2,10,12,1.04,.83999997,.94,2,2
59,0,Wendy's,Pennsylvania,3,0,15,3,4.25,26,.1,1,7.5,10.5,.91000003,.88999999,.81,2,2
59,1,Wendy's,Pennsylvania,1,0,16,4,4.25,26,.1,1,7.5,10.5,1.01,.83999997,.86000001,2,2
60,0,Wendy's,Pennsylvania,0,10,20,5,4.25,4,.1,1,10.5,11.5,.94,.74000001,.86000001,2,2
60,1,Wendy's,Pennsylvania,2,10,20,5,4.25,4,.25,1,10,12,.98000002,.83999997,.86000001,2,2
61,0,Wendy's,Pennsylvania,0,6,26,5,5.5,52,.15000001,3,10,12,.87,.76999998,1.65,2,2
61,1,Wendy's,Pennsylvania,,28,3,6,4.75,13,.15000001,2,10,12,1.01,.83999997,.94999999,2,2
62,0,Wendy's,Pennsylvania,2,0,31,5,5,26,.07,2,10,12,.87,.76999998,.94999999,2,2
62,1,Wendy's,Pennsylvania,,,,,,26,,2,10,12,,.83999997,1.79,3,3
63,0,Burger King,New Jersey,1,26,6,,4.25,26,,2,6,18,1.1,.97000003,1.17,4,3
63,1,Burger King,New Jersey,1,15,10,4,5.0500002,26,.1,2,7,18,1.11,1.01,1.09,4,3
64,0,Burger King,New Jersey,1,20,15,3,4.5,26,.2,3,7,16,1.0599999,.94999999,.94999999,3,2
64,1,Burger King,New Jersey,,13,13,3,5.0500002,26,.25,2,7,16,1.05,.94999999,.94999999,3,3
66,0,Burger King,New Jersey,0,15,18,3,4.25,26,.15000001,2,7,17,1.0599999,.94999999,.94999999,3,2
66,1,Burger King,New Jersey,,26,10,4,5.0500002,26,.25,1,7,17,1.05,.94999999,.94999999,3,3
67,0,Burger King,New Jersey,0,5,15,6,4.5,13,.25,1,8,13.5,1.17,1.0599999,1.17,3,2
67,1,Burger King,New Jersey,,4,17.5,5,5.0500002,,,1,8,13.5,1.3200001,1.05,1.22,3,3
68,0,Burger King,New Jersey,1,30,10,3,4.25,14,.050000001,3,7,17,1.0700001,1.02,1.02,3,3
68,1,Burger King,New Jersey,,13,17,3,5.0500002,13,.28,3,7,17,1.05,.94999999,.94999999,3,1
69,0,Burger King,New Jersey,0,0,27,3,4.25,13,.22,2,7,18,1.17,.94999999,.94999999,4,2
69,1,Burger King,New Jersey,,0,27,3,5.0500002,13,.2,2,7,18,1.26,1.01,1,4,2
70,0,Burger King,New Jersey,0,35,20,5,4.5,13,.27000001,1,7,16,1.0599999,.94999999,1.02,3,3
70,1,Burger King,New Jersey,,10,30,5,5.0500002,4,.23,1,7,16,1.05,.94999999,1.01,3,3
71,0,Burger King,New Jersey,1,0,35,3,4.75,13,.25,3,7,17,1.0599999,.94999999,.94999999,3,2
71,1,Burger King,New Jersey,,29,14,3,5.0500002,26,.18000001,3,7,17,1.05,.94999999,.94999999,3,2
73,0,KFC,New Jersey,1,0,7,3,4.25,,.75,3,11,12,1.0599999,1.0599999,2.45,3,2
73,1,KFC,New Jersey,2,14,0,3,5.0500002,4,.050000001,2,11,11,1.05,1.05,2.4300001,3,
75,0,KFC,New Jersey,0,3,15,3,4.25,4,.25,2,11,11,1.17,1.27,2.77,3,3
75,1,KFC,New Jersey,,4,11,3,5.0500002,6,.25,2,11,11,1.16,1.16,2.75,3,3
76,0,Roy Rogers,New Jersey,0,8,32,4,4.25,26,.2,2,6,17,1.12,1.02,1.02,6,3
76,1,Roy Rogers,New Jersey,,25,15,6,5.0500002,13,.15000001,2,6.5,16.5,1.11,1.0599999,1.05,6,3
77,0,Roy Rogers,New Jersey,0,6,50,4,5,4,.15000001,2,6,19,1.1799999,1.0700001,1.17,6,5
77,1,Roy Rogers,New Jersey,4,4,60,3,5.0500002,52,.15000001,2,6,19,1.0599999,1.0599999,1.05,6,2
78,0,Roy Rogers,New Jersey,0,13,10,3,5,26,.15000001,2,6,17,1.12,1.02,1.02,4,2
78,1,Roy Rogers,New Jersey,,10,12,2,5.0500002,26,.1,2,7,16,1.11,1.01,1.05,5,3
79,0,Roy Rogers,New Jersey,4,6,25,3,4.5,26,.15000001,2,6,17,1.17,1.02,1.0599999,5,4
79,1,Roy Rogers,New Jersey,,8,18,3,5.0500002,41,.13,2,7,16,1.11,1.0599999,1.05,5,4
80,0,Wendy's,New Jersey,1,4.5,20,,4.25,26,.25,2,10.5,11.5,1.0599999,.98000002,1.0599999,2,2
80,1,Wendy's,New Jersey,2,11,14,3,5.0500002,13,.1,2,10.5,12.5,1.12,.98000002,.99000001,2,1
81,0,Wendy's,New Jersey,4,25,13,3,5,26,.1,2,10,12,1.0599999,.98000002,1.0599999,2,2
81,1,Wendy's,New Jersey,3,0,45,4,5.0500002,,,2,10.5,11.5,1.11,.98000002,2.0699999,2,1
82,0,Wendy's,New Jersey,6,8,14.5,3,5,13,.37,2,10.5,13.5,1.0599999,1.03,1.0599999,2,2
82,1,Wendy's,New Jersey,,25,8,4,5.0500002,13,.18000001,2,10.5,13.5,1.11,.98000002,1.05,2,2
83,0,Wendy's,New Jersey,2,12.5,20,2,5,13,.25,2,10.5,13.5,1.0599999,.98000002,2.1300001,2,2
83,1,Wendy's,New Jersey,2,,,4,5.0500002,26,.5,2,10,14,1.11,.88999999,.99000001,2,2
84,0,Burger King,New Jersey,3,4,30,5,4.5,26,.15000001,2,7,16,1.04,.85000002,.91000003,4,2
84,1,Burger King,New Jersey,,12,30,5,5.0500002,52,.2,2,7,16,1.05,.89999998,.94,3,3
85,0,Burger King,New Jersey,3,7,20,3,5.5,26,.51999998,1,9,12.5,1.12,1.02,1.02,5,4
85,1,Burger King,New Jersey,,0,35,3,5.0500002,26,.18000001,1,9,12.5,1.11,1.01,1.05,5,1
86,0,Burger King,New Jersey,1,11,11,4,4.25,13,.25,3,7,15,1.0599999,.94,1.1,3,3
86,1,Burger King,New Jersey,,9,12,4,5.0500002,4,.13,3,7,15,1.05,1.05,1.04,3,3
87,0,Burger King,New Jersey,0,0,15,,4.5,26,,2,7,15,1.0599999,.86000001,1.02,3,3
87,1,Burger King,New Jersey,,0,30,5,5.0500002,41,.18000001,3,7,15,1,.99000001,1.04,3,3
88,0,Burger King,New Jersey,0,3,35,3,4.25,,,3,7,15,1.0599999,.87,.91000003,5,5
88,1,Burger King,New Jersey,2,4,37,4,5.0500002,42,.18000001,2,7,15,1.05,.87,.94,5,2
89,0,Burger King,New Jersey,2,10,6,3,5,13,.17,2,7,16,1.09,.94999999,1.04,3,2
89,1,Burger King,New Jersey,,6,25,6,5.5,4,.63,2,7,16,1.11,1.01,1.05,3,3
91,0,Burger King,New Jersey,2,8,22,4,4.25,8,.15000001,2,7,17,1.09,.93000001,1.04,3,3
91,1,Burger King,New Jersey,1,0,30,4,5.0500002,26,.18000001,1,7,17,1.11,1.05,1.05,3,3
92,0,Burger King,New Jersey,0,4,18,4,4.25,13,.75,2,7,15,1.09,.94999999,1.03,3,3
92,1,Burger King,New Jersey,,14,6,3,5.0500002,,.25,2,7,15,1.11,1.01,1.05,3,3
93,0,Burger King,New Jersey,0,2.5,30,3,4.25,52,.15000001,2,7,16,,,.95999998,,
93,1,Burger King,New Jersey,,5,25,5,5.0500002,13,.15000001,2,7,16,1.11,1.05,1.05,4,3
94,0,KFC,New Jersey,2,0,25,5,5,26,.25,3,11,10,1.0599999,.80000001,2.5599999,,
94,1,KFC,New Jersey,,2,20,4,5.0500002,52,.25,1,11,10,1.05,.79000002,2.53,3,
95,0,KFC,New Jersey,1,18,3,4,4.25,26,.27000001,1,11,10,1.0599999,.80000001,2.5599999,4,3
95,1,KFC,New Jersey,,0,14,3,5.0500002,13,.25,1,11,10,1.05,.75,2.53,3,3
96,0,KFC,New Jersey,2,0,15,2,4.25,26,.12,2,11.5,10,1.0599999,1.01,2.6600001,3,2
96,1,KFC,New Jersey,3,0,15,5,5.0500002,26,.15000001,2,11.5,10.5,1.05,.94,2.5899999,4,0
97,0,KFC,New Jersey,2,0,12,4,4.25,13,.25,2,11,10,1.02,.75,2.5599999,3,2
97,1,KFC,New Jersey,,2.5,11,3,5.0500002,13,.30000001,2,11,10,1.05,.80000001,2.54,3,2
98,0,KFC,New Jersey,0,0,20,4,4.25,13,.40000001,3,11,10,1.0599999,.80000001,2.5599999,3,3
98,1,KFC,New Jersey,,3,13,3,5.0500002,13,.44999999,1,11,10,1.05,.89999998,2.53,3,3
99,0,Roy Rogers,New Jersey,0,60,40,5,4.75,26,.15000001,2,0,24,1.23,,2.3,8,6
99,1,Roy Rogers,New Jersey,6,30,50,4,5.0500002,15,.25,2,0,24,1.22,1.17,2.3199999,5,2
101,0,Roy Rogers,New Jersey,3,4.5,15,3,4.75,26,.15000001,2,7,15,1.2,1.1799999,1.0599999,6,4
101,1,Roy Rogers,New Jersey,,10,12,3,5.0500002,26,.15000001,2,7,15,1.15,1.1,1.05,8,3
102,0,Roy Rogers,New Jersey,2,12,13,3,4.4000001,52,.2,2,7,16,1.0599999,.91000003,1.0700001,6,4
102,1,Roy Rogers,New Jersey,,0,27,2,5.0500002,52,.25,2,7,15,1.0700001,1.01,1.05,5,5
103,0,Wendy's,New Jersey,2,12.5,10,3,5,26,.27000001,2,10.5,11.5,.91000003,.85000002,.94999999,2,2
103,1,Wendy's,New Jersey,2,,,2,5.0500002,13,,2,10.5,12.5,1.05,.83999997,1.26,2,2
104,0,Wendy's,New Jersey,0,40,20,3,4.6199999,4,.31999999,2,10.5,11.5,.94999999,.83999997,.94,2,2
104,1,Wendy's,New Jersey,1,11,10,3,5.0500002,26,.079999998,2,10.5,12.5,1,.83999997,.94,2,2
105,0,Burger King,New Jersey,2,0,40,4,4.25,10,,2,6.5,16.5,.95999998,1,1.03,4,2
105,1,Burger King,New Jersey,,0,45,4,5.0500002,13,.25,2,6.5,16.5,1.05,.99000001,1.16,4,3
106,0,Burger King,New Jersey,0,0,35,3,4.25,26,.27000001,3,7,16,1.0599999,.94999999,.94999999,2,1
106,1,Burger King,New Jersey,,2,25,3,5.0500002,26,.2,0,7,16,1.05,.94999999,.94999999,2,2
107,0,Burger King,New Jersey,0,6,11,3,4.25,8,.31999999,1,8,14.5,1.17,.94999999,.94999999,3,3
107,1,Burger King,New Jersey,9,13.5,10,2,5.0500002,,,1,8,14,,1.01,1,4,2
108,0,Burger King,New Jersey,2,13.5,15,4,4.25,26,.37,1,7,17,1.27,1.01,1.0599999,3,3
108,1,Burger King,New Jersey,,11,24,5,5.0500002,26,.15000001,1,7,17,1.37,1.02,1.05,3,3
111,0,Roy Rogers,New Jersey,0,17,14,3,4.25,2,.41999999,3,7,16,1.17,1.0599999,1.01,5,5
111,1,Roy Rogers,New Jersey,1,20,14.5,3,5.0500002,26,,2,7,16,1.16,1.16,1,5,4
112,0,Wendy's,New Jersey,0,4,26,3,5,13,.2,2,10,14,1.0599999,.98000002,1.0599999,2,2
112,1,Wendy's,New Jersey,9,5,25,6,5.0500002,28,.18000001,2,10.5,12.5,1.11,1.09,2.0699999,,
113,0,Burger King,New Jersey,0,0,22,4,,,,2,7,16,1.0599999,.94999999,1,4,
113,1,Burger King,New Jersey,,2,40,5,5.0500002,26,.28,2,7,16,1.05,.89999998,.98000002,3,2
114,0,Burger King,New Jersey,2,0,35,5,4.75,26,.56999999,2,7,16,1.0700001,.94999999,.94999999,3,
114,1,Burger King,New Jersey,1,20,40,4,5.25,26,.25,2,6.5,16.5,1.11,.94,.94,3,3
115,0,Burger King,New Jersey,0,20,25,4,4.75,4,.30000001,1,7,17,1.0599999,.94999999,1.0599999,4,3
115,1,Burger King,New Jersey,,6,15,4,5.0500002,,,1,7,17,1.05,.94999999,1.01,4,4
116,0,Burger King,New Jersey,0,4,22.5,2,4.25,18,.37,2,8.5,13,1.49,1.02,1.11,7,3
116,1,Burger King,New Jersey,,22,12,3,5.0500002,13,.44999999,2,8.5,13,1.39,.94999999,1.21,8,2
118,0,Burger King,New Jersey,3,10,15,4,4.25,26,.15000001,2,7,15,1.0599999,.94999999,1.01,4,2
118,1,Burger King,New Jersey,,18,20,3,5.0500002,26,.38,2,7,15,1.05,.94,1,4,2
119,0,Burger King,New Jersey,2,12,19,3,4.75,13,.27000001,3,6.5,16.5,1.0599999,.91000003,.94999999,3,3
119,1,Burger King,New Jersey,1,18,13,4,5.0500002,26,,3,6.5,17.5,1.05,.88999999,.94999999,3,3
120,0,Burger King,New Jersey,3,0,32,3,4.5,,,2,7,16,1.13,.98000002,1.04,3,2
120,1,Burger King,New Jersey,3,0,30,4,5.0500002,,,2,7,16,1.05,1.05,1.05,3,2
122,0,Burger King,New Jersey,0,1,38,5,4.25,4,.2,1,9,12.5,,1.12,1.12,5,3
122,1,Burger King,New Jersey,,10,50,6,5.0500002,26,.1,1,9,12.5,1.15,.94,1.15,6,4
123,0,Burger King,New Jersey,0,0,20,5,,13,,2,7,14.5,1.0599999,.94999999,1.01,2,1
123,1,Burger King,New Jersey,,5,25,4,5.0500002,26,.15000001,3,7.5,14,1.05,.94,1,3,2
124,0,Burger King,New Jersey,1,8,10,3,4.25,13,.25,2,8,15,1.0599999,.91000003,1.04,2,2
124,1,Burger King,New Jersey,,21,6,4,5.0500002,13,.5,3,7,15,1.16,.94,1.12,2,2
125,0,KFC,New Jersey,0,15,0,4,4.5,26,.25,1,10,12.5,.91000003,.85000002,2.3399999,3,2
125,1,KFC,New Jersey,,0,15,2,5.0500002,52,.40000001,1,10,12,1.01,1.01,2.49,4,3
128,0,KFC,New Jersey,3,6.5,7.5,2,5,,.15000001,2,11,11,1.0599999,.85000002,2.3399999,4,2
128,1,KFC,New Jersey,1,3,16,2,5.0500002,26,.25,1,11,11,1.05,.79000002,2.3199999,3,2
129,0,Roy Rogers,New Jersey,3,20,20,3,5.25,26,.050000001,2,6,16,1.1,1,.74000001,6,4
129,1,Roy Rogers,New Jersey,,7,18,4,5.0500002,52,.25,2,6,16,1.11,1,.88999999,4,3
130,0,Roy Rogers,New Jersey,2,7,25.5,3,4.5,19,.30000001,2,5,18,1.12,1.0700001,1,4,3
130,1,Roy Rogers,New Jersey,6,2,38,4,5.0500002,4,.15000001,2,7,16,1.11,1.0599999,1.05,5,3
131,0,Roy Rogers,New Jersey,2,15,25,4,5.5,4,.37,2,6,17,1.0599999,1.0599999,1.0599999,5,2
131,1,Roy Rogers,New Jersey,2,8,22,3,5.0500002,,,2,7,15,1.05,1.11,1.05,5,4
132,0,Roy Rogers,New Jersey,0,20,20,5,4.5,26,.25,2,0,24,1.28,1.0599999,2.3,5,3
132,1,Roy Rogers,New Jersey,,15,20,3,5.5,52,.25,2,7,14,,,,2,2
133,0,Roy Rogers,New Jersey,0,6,16,2,4.75,26,,2,6,17,1.12,1.0700001,1.0599999,4,3
133,1,Roy Rogers,New Jersey,,3,20,3,5.0500002,26,,2,7,15,1.11,1.0599999,2.1099999,5,3
134,0,Roy Rogers,New Jersey,2,5.5,25,3,4.6199999,,,2,6,16,1.09,,.94999999,4,3
134,1,Roy Rogers,New Jersey,,6,27.5,3,5.0500002,52,.25,2,6,16,1.11,1.0599999,.94,4,3
135,0,Roy Rogers,New Jersey,0,10,20,4,,26,,0,9,12.5,,,,5,3
135,1,Roy Rogers,New Jersey,,8,24,3,5.0500002,,.25,2,10,11.5,1.16,1.0599999,1.05,5,3
137,0,Roy Rogers,New Jersey,3,15,25,3,4.25,26,.15000001,2,6,16,1.12,1.0599999,1.02,6,4
137,1,Roy Rogers,New Jersey,1,12,30,5,5.0500002,26,.25,2,7,15,1.11,1.11,1.05,5,3
138,0,Roy Rogers,New Jersey,0,4.5,25.5,2,,,,2,10,11.5,1.12,1.0700001,1.0599999,6,
138,1,Roy Rogers,New Jersey,,2,33,3,5.0500002,26,.2,2,10,11.5,1.21,1.01,.94,6,4
139,0,Wendy's,New Jersey,0,,,2,5.5,,,2,10.5,12.5,.94999999,.94999999,1.0599999,2,1
139,1,Wendy's,New Jersey,,11,25,5,5.5,19,.25,2,11,12,,,,,
140,0,Wendy's,New Jersey,0,0,40,3,4.5,26,.37,2,10.5,11.5,.91000003,.86000001,1.0599999,2,2
140,1,Wendy's,New Jersey,,5,35,5,5.6700001,4,.25,2,10.5,11.5,1,.94,1.05,2,2
141,0,Wendy's,New Jersey,0,10,15,4,4.75,13,.27000001,2,10.5,12.5,1.02,.91000003,1.0599999,2,2
141,1,Wendy's,New Jersey,2,10,25,3,5.0500002,13,.18000001,2,10.5,12.5,1.05,.83999997,1.34,2,2
142,0,Wendy's,New Jersey,0,15,35,4,4.25,26,.15000001,2,10,11.5,1.0599999,.94999999,1.0599999,2,2
142,1,Wendy's,New Jersey,,40,31,5,5.0500002,26,.18000001,2,10,11.5,1.01,.88999999,1.26,2,2
144,0,Wendy's,New Jersey,2,10,30,3,5.0500002,26,.15000001,2,10.5,12.5,.91000003,.85000002,1.0599999,2,2
144,1,Wendy's,New Jersey,1,4,37,3,5.0500002,26,.34999999,2,10.5,12.5,.94,.94,1.26,2,2
145,0,Burger King,New Jersey,0,5,17,3,5,13,.15000001,2,7,16,1.0599999,.94999999,.94999999,3,2
145,1,Burger King,New Jersey,,10,8,4,5.2800002,26,.13,2,7,16,1.05,.95999998,.94999999,3,2
146,0,Burger King,New Jersey,3,8,20,5,4.8000002,26,.25,2,7,16,1.0599999,1,1.0599999,4,3
146,1,Burger King,New Jersey,,0,32,4.5,5.0500002,26,.17,2,7,16,1.05,.99000001,1.05,4,3
147,0,Burger King,New Jersey,0,8.5,6.5,3,5.1199999,8,.25,2,7,14,1.12,.88999999,.94999999,2,2
147,1,Burger King,New Jersey,1,6,0,3,5.25,13,.38,2,7,14,1.13,.91000003,.91000003,2,2
148,0,Burger King,New Jersey,4,4.5,30,4,5.25,26,.17,2,7,17,1.0599999,.94999999,.94999999,3,2
148,1,Burger King,New Jersey,,7.5,30,4,5.0500002,26,.2,2,7,17,1.05,.94,.94,3,3
149,0,Burger King,New Jersey,1,0,20,4,4.5,26,.27000001,3,7,16,1.0599999,.94999999,.94999999,2,1
149,1,Burger King,New Jersey,,8,10,3,5.0500002,26,.25,2,7,16,1.05,.94,.94,2,2
150,0,Burger King,New Jersey,2,0,27.5,3.5,4.6700001,26,.27000001,2,7,16,1.23,.88999999,.88999999,3,3
150,1,Burger King,New Jersey,8,12,20,3,5.75,28,.57999998,2,7,15,1.11,.88,.88,3,2
152,0,Burger King,New Jersey,0,35,15,4,5.1199999,9,.67000002,1,7,15,1.17,.94999999,1.02,3,2
152,1,Burger King,New Jersey,,12,13.5,5,5.0500002,13,.28,2,7,15,1.16,.94,.94,3,3
153,0,Burger King,New Jersey,0,0,25,9,,52,.15000001,1,7,17,1,.94999999,.88999999,4,3
153,1,Burger King,New Jersey,,26.5,10,3,5.0500002,26,.15000001,2,7,17,1.05,.94999999,.94999999,3,2
156,0,Burger King,New Jersey,0,8,15,3,4.8699999,6,.25,1,7,15,1.0599999,.94999999,1.02,8,3
156,1,Burger King,New Jersey,,2,18,2,5.0500002,,.30000001,2,7,15,.94999999,.94,1.01,3,
157,0,KFC,New Jersey,0,10,5,3,5,26,.25,1,10.5,12,.91000003,.85000002,2.3399999,3,3
157,1,KFC,New Jersey,2,12,8,2,5.5,26,.25,1,10.5,11,.94999999,.82999998,2.47,2,2
158,0,KFC,New Jersey,1,2,7,3,4.5,4,.12,1,11,10,.92000002,.69999999,2.3399999,3,3
158,1,KFC,New Jersey,,3,4,4,5.0500002,13,.25,1,11,11.5,.94999999,.94,2.49,3,2
159,0,KFC,New Jersey,8,6,12,2,4.5,4,.12,1,10.5,10.5,.98000002,.85000002,2.3399999,3,3
159,1,KFC,New Jersey,,10,5,4,5.25,13,.25,1,10.5,11.5,.94999999,.83999997,2.49,4,3
161,0,Roy Rogers,New Jersey,0,8,25,4,5,19,.15000001,2,6,17,1.12,1.02,1.0599999,7,3
161,1,Roy Rogers,New Jersey,4,26,12,4,5.0500002,,,2,6,17,1.11,1.0599999,1.05,7,5
162,0,Roy Rogers,New Jersey,2,0,40,3,4.75,26,.17,2,6,16.5,1.12,1.02,1.0599999,,1
162,1,Roy Rogers,New Jersey,,3,30,3,5.0500002,26,.18000001,2,7,15.5,1.11,1.01,1.05,6,5
163,0,Roy Rogers,New Jersey,0,12,18,3,5,13,.15000001,2,6,16.5,1.2,1.0700001,1.0599999,3,3
163,1,Roy Rogers,New Jersey,,1.5,33,3,5.0500002,26,.15000001,2,7,15,,,,,
164,0,Roy Rogers,New Jersey,0,4,30,4,5,26,.1,2,5,19,1.12,1.02,1.0599999,5,3
164,1,Roy Rogers,New Jersey,,5,15,3,5.0500002,52,.15000001,2,6,17,1.11,1.0599999,1.05,5,3
165,0,Wendy's,New Jersey,1,20,10,3,5,15,.27000001,2,10.5,12.5,1.0599999,.88999999,1.0599999,3,2
165,1,Wendy's,New Jersey,1,10,17,4,5.0500002,14,.13,2,10.5,12.5,1.05,.98000002,1.05,2,2
166,0,Wendy's,New Jersey,0,8,32,5,4.75,26,.25,2,10.5,11.5,.94999999,.85000002,1.0599999,2,2
166,1,Wendy's,New Jersey,1,0,35,4,5.0500002,26,.18000001,2,10.5,12.5,1.11,.83999997,1.26,2,2
168,0,Burger King,New Jersey,0,5,20,4,4.25,4,.25,1,7,15,1.0599999,.94999999,.94999999,3,3
168,1,Burger King,New Jersey,,0,32,4,5.25,10,.18000001,1,6,16,1.11,.94999999,1.14,3,1
169,0,Burger King,New Jersey,0,12,33,4,5,13,.25,2,7,16,1.1,.94,1.04,3,3
169,1,Burger King,New Jersey,,20,6,4,5.0500002,52,.15000001,2,7,16,1.11,1.05,1.05,3,3
170,0,Burger King,New Jersey,1,10,20,3,5,52,.51999998,2,7,16,1.1,1.02,1.08,3,2
170,1,Burger King,New Jersey,,20,20,4,5.0500002,4,,1,7,16,1.29,1.11,1.1799999,4,4
171,0,Burger King,New Jersey,0,2,32,3,4.25,8,.25,2,7,16,1.09,.94999999,1.04,3,3
171,1,Burger King,New Jersey,,10,12.5,5,5.0500002,4,.1,2,7,16,1.1799999,1.04,1.03,3,3
172,0,Burger King,New Jersey,0,0,24,5,4.75,13,.25,1,9,12.5,1.12,1.02,1.0599999,5,4
172,1,Burger King,New Jersey,2,7,23,3,5.0500002,8,.18000001,1,9,13,1.11,1.01,1.05,6,3
173,0,Burger King,New Jersey,3,6,40,10,4.8499999,26,.15000001,2,6.5,17.5,1.0599999,.94999999,.98000002,4,3
173,1,Burger King,New Jersey,1,11,30,5,5.0500002,26,.15000001,2,6,18,1.05,.94,1.04,4,3
174,0,Burger King,New Jersey,2,11,20,4,4.75,26,.15000001,2,7,16,1.1799999,.88,.98000002,4,3
174,1,Burger King,New Jersey,,20,20,3,5.0500002,4,.2,2,7,16,1.05,.89999998,.98000002,3,3
176,0,Burger King,New Jersey,0,15,21,4,4.6199999,13,.12,1,7,16,1.0599999,,1.05,4,4
176,1,Burger King,New Jersey,1,20,27.5,4,5.0500002,,,2,7,16,1.04,1.0599999,,,
178,0,KFC,New Jersey,0,13,12,3,4.25,52,.2,1,11,10,.91000003,.85000002,2.3399999,3,2
178,1,KFC,New Jersey,,1,10,3,5.0500002,26,.25,1,11,10.5,1.01,.94,2.6400001,3,2
179,0,KFC,New Jersey,2,2,12,3,4.25,13,.25,1,10.5,10.5,.91000003,.91000003,2.3399999,3,3
179,1,KFC,New Jersey,3,2,10,4,5.0500002,26,.2,1,10.5,11,.94,.83999997,2.49,3,3
180,0,KFC,New Jersey,0,8,3,4,4.5,26,.25,2,11,11,1.0599999,1.01,2.6600001,4,2
180,1,KFC,New Jersey,,0,17.5,4,5.0500002,,,2,11,12,1.05,1.05,2.8499999,4,4
181,0,KFC,New Jersey,0,0,13,3,,,,1,10.5,11,.91000003,.79000002,2.3399999,3,2
181,1,KFC,New Jersey,,1,15,2,5.0500002,,.25,1,10.5,11,.94999999,.89999998,2.49,3,2
182,0,KFC,New Jersey,0,3,15,3,4.5,4,.25,2,11,11,1.0599999,1.01,2.6600001,4,3
182,1,KFC,New Jersey,,0,15,3,5.0500002,26,.25,2,11.5,10,1.05,1,2.73,4,3
183,0,KFC,New Jersey,0,12,4,4,4.6199999,20,.33000001,3,11,11,1.0599999,1.01,2.6600001,4,3
183,1,KFC,New Jersey,4,15,10,2,5.0500002,13,.25,2,11,10.5,1.05,1,2.75,4,3
185,0,KFC,New Jersey,0,2,9,3,4.5,13,.2,2,11,10.5,1.0599999,1.01,2.6600001,4,4
185,1,KFC,New Jersey,,2,6,3,5.0500002,26,.25,1,11,10.5,1.05,1,2.75,3,3
186,0,Roy Rogers,New Jersey,3,10,20,4,4.75,26,.15000001,2,6,16,1.12,1.02,.94999999,5,3
186,1,Roy Rogers,New Jersey,3,12,18,4,5.0500002,26,,2,6,16,1.17,1.0599999,.94999999,5,3
187,0,Roy Rogers,New Jersey,0,4,20,3,5.6199999,26,.51999998,2,7,15,1.12,1.09,1.0599999,4,3
187,1,Roy Rogers,New Jersey,,5,17.5,3,5.0500002,13,.2,2,7,15,1.11,1.0599999,1.05,4,4
189,0,Roy Rogers,New Jersey,0,4,15,3,4.75,39,.2,2,7,15,1.12,1.0700001,1.12,4,2
189,1,Roy Rogers,New Jersey,,0,19,3,5.0500002,52,.2,2,7,15,1.11,1.0599999,1.05,5,3
190,0,Roy Rogers,New Jersey,0,5,42,4,5,26,.12,2,6,16,1.02,1.0700001,1.0599999,5,
190,1,Roy Rogers,New Jersey,,7,30,4,5.0500002,26,.18000001,2,7,15,1.05,1.01,1.74,5,3
191,0,Wendy's,New Jersey,0,30,20,4,,,,2,10.5,12,1.0599999,.94999999,1.0599999,,1
191,1,Wendy's,New Jersey,1,0,25,4,5.0500002,6,.25,2,10.5,12,1.02,.94,1.05,2,2
192,0,Wendy's,New Jersey,2,20,10,4,4.8699999,26,.17,2,10,12,.91000003,.85000002,1.0599999,2,2
192,1,Wendy's,New Jersey,,4.5,30,3,5.25,19,.18000001,2,10.5,12.5,1.05,.83999997,1.26,2,2
193,0,Wendy's,New Jersey,3,1,13,3,4.5,13,.12,2,10,11,.94999999,.85000002,.99000001,2,1
193,1,Wendy's,New Jersey,2,4,9,3,5.0500002,26,.13,2,9,13,1.01,.89999998,1.26,2,1
195,0,Wendy's,New Jersey,3,0,30,3,4.25,26,,2,10.5,11.5,1.0599999,.85000002,1.0599999,2,2
195,1,Wendy's,New Jersey,2,8,25,3,5.0500002,26,.15000001,2,10.5,12.5,.94,.83999997,2.1099999,2,2
196,0,Wendy's,New Jersey,0,8,19,4,5,26,.2,2,10.5,11.5,.94999999,.85000002,1.0599999,2,2
196,1,Wendy's,New Jersey,,0,30,3,5.0500002,26,.18000001,2,10.5,12.5,1,.89999998,2.1099999,2,2
197,0,Burger King,New Jersey,0,23,10,4,5,26,.25,2,7,17,.99000001,.88999999,.88999999,3,2
197,1,Burger King,New Jersey,1,5,21,5,5.0500002,26,.13,3,7,17,1.05,.94999999,.94999999,3,1
198,0,Burger King,New Jersey,0,,,4,4.25,4,.12,3,7,16,1.0599999,.94999999,.94999999,3,3
198,1,Burger King,New Jersey,8,10,32,4,5.0500002,26,.15000001,2,7,16,1.05,.94,.94,3,3
199,0,KFC,New Jersey,0,0,12,3,4.3499999,,.12,1,11,10,.85000002,.80000001,2.3399999,4,3
199,1,KFC,New Jersey,,11,3,4,5.0500002,2,.44999999,1,11,10.5,.91000003,.89999998,2.45,4,3
200,0,Burger King,New Jersey,0,0,60,3,4.25,9,.2,2,6,18,1.0599999,.91000003,.98000002,4,3
200,1,Burger King,New Jersey,,5,40,4,5.0500002,52,.25,2,6.5,17.5,1.05,.94,.98000002,5,4
201,0,Burger King,New Jersey,0,0,33,3,4.5,26,.34999999,2,7,17,1.0599999,1.02,.94999999,3,3
201,1,Burger King,New Jersey,,16,22,3,5.0500002,26,.28,1,7,17,1.05,.94999999,.94999999,3,3
202,0,Burger King,New Jersey,2,30,14,4,4.25,4,.37,2,6,19,1.17,.94999999,.63,3,3
202,1,Burger King,New Jersey,,13,11,4,5.0500002,4,.079999998,3,6,19,1.15,.94999999,.63999999,3,3
203,0,Burger King,New Jersey,2,9,12,2,4.25,26,.15000001,2,7,17,1.0599999,.94999999,.94999999,3,3
203,1,Burger King,New Jersey,,4,34,3,5.0500002,26,.18000001,0,7,17,1.05,.94999999,.94999999,3,2
204,0,Burger King,New Jersey,0,10,8.5,4,4.25,13,.27000001,2,6.5,17.5,1.0599999,1,1.0599999,3,3
204,1,Burger King,New Jersey,,12,13.5,3,5.0500002,13,.25,2,6.5,17.5,1.05,.99000001,1.05,3,2
207,0,KFC,New Jersey,0,8,10,4,4.75,8,.25,1,11,12,1.0599999,.85000002,2.3399999,4,2
207,1,KFC,New Jersey,,8.5,6,2,5.1999998,52,.5,1,11,12,1.05,.83999997,2.3199999,5,3
208,0,Roy Rogers,New Jersey,1,12,32,4,4.6199999,26,.15000001,2,6,17,1.1900001,.94,.85000002,4,4
208,1,Roy Rogers,New Jersey,2,5,32,3,5.0500002,26,,2,8,14,1.0599999,1.0599999,1.05,5,5
209,0,Roy Rogers,New Jersey,0,4,36,4,4.25,26,.12,2,6,18,1.17,.94999999,.94999999,5,5
209,1,Roy Rogers,New Jersey,,6,37,4,5.0500002,26,.2,2,7,16,1.11,1.0599999,1.05,5,5
210,0,Wendy's,New Jersey,3,0,19,2,4.5,13,.17,2,10.5,11.5,1.0599999,.94999999,.94999999,4,2
210,1,Wendy's,New Jersey,,0,14,3,5.0500002,13,.2,2,10,11,,,,4,
211,0,Burger King,New Jersey,2,3,28,4,4.5,13,,2,7,15,1.02,.94999999,.94999999,3,3
211,1,Burger King,New Jersey,,2,35,4,5.0500002,4,,2,7,15,,.89999998,,3,2
212,0,Burger King,New Jersey,0,11,17.5,3,4.5,13,.17,1,7,16,1.0599999,.88,.83999997,3,2
212,1,Burger King,New Jersey,,20,15,3,5.0500002,4,.52999997,2,7,16,1.05,.94,.88999999,2,2
213,0,Burger King,New Jersey,1,4.5,20,4,4.5500002,4,.15000001,2,6.5,17.5,.95999998,.93000001,.93000001,4,3
213,1,Burger King,New Jersey,2,12,17.5,4,5.0500002,19,.15000001,2,6.5,17.5,1.05,.94,.94,4,3
214,0,Burger King,New Jersey,0,2,30,3,4.6199999,6.5,.25,2,7,16,1.02,.88999999,.91000003,2,2
214,1,Burger King,New Jersey,1,0,35,5,5.0500002,,,2,6.75,16.25,1.04,.93000001,.95999998,3,2
215,0,Burger King,New Jersey,0,10,10,3,4.5,13,.2,2,7,16,1.0599999,.88999999,.91000003,3,3
215,1,Burger King,New Jersey,,20,10,3,5.0500002,26,.15000001,3,7,16,.93000001,.83999997,.93000001,3,3
216,0,KFC,New Jersey,0,2,11,3,4.25,13,.15000001,1,11,10.5,1.0599999,.94999999,2.77,4,3
216,1,KFC,New Jersey,,2,18,3,5.0500002,13,.2,2,11,10.5,1.05,.94,2.75,5,3
217,0,KFC,New Jersey,0,2,13,2,4.25,13,.17,1,11,10,.94999999,.74000001,2.1900001,4,3
217,1,KFC,New Jersey,,0,12,3,5.0500002,26,.2,1,10.5,10.5,.94,.73000002,2.3199999,4,4
218,0,KFC,New Jersey,0,7,4,2,4.3499999,26,.25,1,11,10,.85000002,.74000001,2.3399999,3,2
218,1,KFC,New Jersey,,5,3,3,5.0500002,26,.25,1,11,11,.94999999,.73000002,2.1900001,3,3
219,0,KFC,New Jersey,0,3,9,3,4.25,19,.12,2,11,10,.91000003,.74000001,2.3399999,4,3
219,1,KFC,New Jersey,,9,9,2,5.0500002,26,.18000001,1,10.5,10.5,.94,.73000002,2.53,,
220,0,KFC,New Jersey,4,3,15,2,4.25,13,.25,2,11,10,1.0599999,.94999999,2.77,5,3
220,1,KFC,New Jersey,1,3,12,3,5.0500002,13,.13,1,11,10,1.09,.89999998,2.75,4,3
221,0,KFC,New Jersey,0,1,28,3,4.5999999,13,.25,1,11,11,1.02,.94999999,2.5599999,4,3
221,1,KFC,New Jersey,,1,15,3,5.0500002,13,.15000001,1,11,11,1.05,.94,2.53,4,3
222,0,Roy Rogers,New Jersey,3,2,24,3,4.25,13,.25,2,9,12.5,1.12,.85000002,1.0599999,3,1
222,1,Roy Rogers,New Jersey,,2,15,3,5.0500002,26,.2,2,10,11.5,1.01,1.01,.88999999,3,1
223,0,Roy Rogers,New Jersey,2,3,18,3,4.75,13,.25,2,6,16,,,,3,2
223,1,Roy Rogers,New Jersey,2,3,20,3,5.0500002,28,.25,2,7,15,1.01,1.01,.94,3,2
225,0,Roy Rogers,New Jersey,0,3,27,3,4.75,13,.2,2,6,17,1.0599999,.91000003,.91000003,6,3
225,1,Roy Rogers,New Jersey,,12,25,4,5.0500002,4,.1,2,6,17,1.01,1.01,.94,5,3
226,0,Wendy's,New Jersey,0,0,22,2,4.25,13,.25,1,10.5,11.5,.94999999,.70999998,.94999999,2,2
226,1,Wendy's,New Jersey,1,0,26,2,5.3000002,52,.15000001,1,10.5,10.5,1,.85000002,.94,2,2
228,0,Wendy's,New Jersey,0,3,28.5,3,4.5,13,.2,3,10.5,12.5,.94999999,.86000001,.94999999,2,2
228,1,Wendy's,New Jersey,,11,19,3,5.0500002,,,1,10.5,12.5,1,.83999997,.88999999,2,
229,0,Burger King,New Jersey,2,3,40,3,4.5,26,.1,2,8.5,13.5,.94999999,.94999999,1.0599999,5,4
229,1,Burger King,New Jersey,,22,11,3,5.5,26,.15000001,2,8.5,13.5,1.01,.94,.94,4,3
230,0,Burger King,New Jersey,0,0,25,3,4.25,26,.1,1,7,17,1.02,.94999999,.94999999,3,2
230,1,Burger King,New Jersey,,15,17,3,5.0500002,26,.18000001,1,7,17,1.05,.94,.94,3,2
231,0,Burger King,New Jersey,1,,10,3,,26,,2,7,16,1.02,1.02,.94999999,2,2
231,1,Burger King,New Jersey,,16,6,4,5.0500002,4,.25,1,7,16,.89999998,.94999999,.94999999,3,1
232,0,Burger King,New Jersey,3,18,6,3,4.75,26,.12,3,7,16,1.0599999,.94999999,.94999999,3,3
232,1,Burger King,New Jersey,3,18,10,4,5.0500002,13,.25,2,7,15,1.05,.94999999,.94999999,3,2
233,0,Burger King,New Jersey,0,19,7,3,4.6500001,13,.31999999,2,7,16,1.17,.94999999,.94999999,2,2
233,1,Burger King,New Jersey,,15,7,3,5.0500002,26,.25,2,7,16,1.05,.94,.94,2,2
234,0,Burger King,New Jersey,2,0,10,3,5,26,,2,7,16,1.12,,.49000001,2,2
234,1,Burger King,New Jersey,2,10,4,3,5.0500002,26,,2,7,16,1.04,1.01,.57999998,3,2
235,0,Burger King,New Jersey,2,5,17,1,4.25,26,.20999999,2,7,16,1.02,.94999999,1.04,3,2
235,1,Burger King,New Jersey,4,,28,3,5.0500002,28,.5,2,8,15,1.11,1.11,1.03,4,2
236,0,Burger King,New Jersey,3,0,34,4,,17,,1,7,17,1.1799999,1.02,1.0599999,4,3
236,1,Burger King,New Jersey,2,23,22,4,5.0500002,8,.28,1,7,18,1.1,1.01,.99000001,4,3
237,0,Burger King,New Jersey,2,12,11,4,4.25,13,.25,2,7,16,1.11,.94999999,1.01,2,2
237,1,Burger King,New Jersey,,9,17,4,5.0500002,4,.2,2,7,15.5,.94,.94,1,2,2
238,0,KFC,New Jersey,2,0,22,3,4.75,9,.12,1,11,12,1.0599999,1.02,2.3399999,5,3
238,1,KFC,New Jersey,,25,15,5,5.0500002,13,.25,1,11,12,1.05,1.05,2.3199999,5,3
239,0,KFC,New Jersey,1,15,4,3,4.25,13,.25,1,10.5,13.5,1.05,.94999999,2.74,5,3
239,1,KFC,New Jersey,,0,19,2,5.0500002,26,.28,1,10.5,12.5,1.05,.83999997,2.3199999,5,3
240,0,Roy Rogers,New Jersey,0,15,35,3,5.0999999,26,.25,2,6,17,1.1799999,1.02,1.0599999,6,4
240,1,Roy Rogers,New Jersey,1,15,15,3,5.0500002,26,.15000001,2,6,17,1.1,1,1.05,6,4
241,0,Roy Rogers,New Jersey,2,15,25,4,5,13,.37,2,7,16,1.12,1.02,1.0599999,5,5
241,1,Roy Rogers,New Jersey,1,15,,4,5.0500002,26,.1,2,7,16,1.15,1.05,1.05,5,5
242,0,Roy Rogers,New Jersey,0,25,10,3,5.25,13,.25,2,6,17,1.1,1.02,1.0599999,5,4
242,1,Roy Rogers,New Jersey,,12,10,3,5.0500002,8,.2,2,7,16,1.11,1.0599999,1.05,6,4
243,0,Roy Rogers,New Jersey,0,7,25,3,4.5,8,.25,2,6,16.5,1.0700001,1.02,.74000001,6,3
243,1,Roy Rogers,New Jersey,,7,22,3,5.0500002,26,.1,2,7,15.5,1.11,1.0599999,1.05,6,2
244,0,Roy Rogers,New Jersey,3,12,30,3,4.25,4,.25,2,6,18,1.17,1.12,1.02,4,3
244,1,Roy Rogers,New Jersey,,16,12,6,5.0500002,26,.25,2,7,17,1.11,1.12,1.05,5,3
245,0,Roy Rogers,New Jersey,3,15,8,3,5.5,,,1,8.5,13.5,1.2,1.02,1.02,4,2
245,1,Roy Rogers,New Jersey,3,8,12,4,5.0500002,26,,1,8.5,13,1.11,1.11,1.05,5,1
247,0,Wendy's,New Jersey,3,0,40,4,4.5,13,.1,2,10.5,15.5,1.0599999,1.05,1.0599999,2,2
247,1,Wendy's,New Jersey,7,0,40,4,5.0500002,,,2,10.5,15.5,1.11,1.09,2.0699999,2,2
248,0,Wendy's,New Jersey,2,8,16,6,4.75,13,.37,2,10,16,1.17,.94999999,.85000002,2,2
248,1,Wendy's,New Jersey,,10,14,6,5.0500002,26,.25,2,10,16,1.37,.94999999,2.03,2,1
249,0,Burger King,New Jersey,1,6,6,4,4.3699999,4,.25,1,7,15,1.13,1.0599999,.94999999,3,2
249,1,Burger King,New Jersey,,10,12,3,5.0500002,4,.1,1,7,15,1.01,1.01,.94,3,2
250,0,KFC,New Jersey,2,1,4,2,4.5,13,.30000001,1,11,10,.85000002,,,4,1
250,1,KFC,New Jersey,,2,4,3,5.0500002,6,.25,1,11,10,.94,.83999997,2.52,5,3
253,0,Roy Rogers,New Jersey,0,7,7,3,4.8699999,52,,2,7,13,1.23,1.0599999,2.3,2,2
253,1,Roy Rogers,New Jersey,,4,8,6,5.0500002,52,.23,2,7,16,1.23,1.11,2.28,3,2
254,0,Wendy's,New Jersey,0,20,10,3,,16,,1,7,16,1.0599999,.86000001,1.0599999,2,2
254,1,Wendy's,New Jersey,1,28,10,3,5.25,8,.2,1,7,15,1,.85000002,1.05,2,2
255,0,Wendy's,New Jersey,2,0,14,3,,52,.27000001,1,7,14,1.01,.79000002,.85000002,2,2
255,1,Wendy's,New Jersey,,8,12,2,,52,.14,1,7,14,1,.85000002,2.1099999,2,2
258,0,Burger King,New Jersey,0,4,22,3,4.25,8,.15000001,2,7,16,1.0599999,.92000002,.89999998,3,3
258,1,Burger King,New Jersey,,20,18,3,5.0500002,13,,2,6,18,1.08,.94,.83999997,3,3
259,0,Burger King,New Jersey,0,13,12,4,5,4,.25,2,7.5,14.5,1.02,.85000002,.85000002,3,3
259,1,Burger King,New Jersey,,15,15,4,5.0500002,,,2,7.5,14.5,1.05,,.83999997,3,3
260,0,Burger King,New Jersey,2,10,20,4,4.25,4,.17,2,7,16,1.0599999,.93000001,.88,4,2
260,1,Burger King,New Jersey,,4,26,5,5.0500002,8,.28,2,7,16,1.09,.94,.93000001,3,3
262,0,Burger King,New Jersey,0,7,13,3,4.25,13,.25,2,6.5,16.5,1.0599999,.94999999,1.0599999,4,4
262,1,Burger King,New Jersey,,0,22.5,3,5.0500002,,.25,2,6.5,17.5,1.08,1.02,.87,3,3
264,0,Burger King,New Jersey,5,0,10,2,4.25,13,.25,3,7,15,1.02,.88,.91000003,2,2
264,1,Burger King,New Jersey,2,0,23,5,5.0500002,14,,2,7,16,1.05,1.11,.94,3,3
267,0,Burger King,New Jersey,0,6.5,20,3,4.25,26,.22,2,7,16,.89999998,.80000001,.80000001,3,2
267,1,Burger King,New Jersey,,30,25,5,5.0500002,26,.2,3,7,16,1.05,.88,.91000003,3,2
268,0,Burger King,New Jersey,1,10,18,4,5,26,.17,2,7,15,1.02,.85000002,.85000002,5,4
268,1,Burger King,New Jersey,,0,42.5,2,5.0500002,26,.25,2,7,15,.94,.77999997,.83999997,4,4
269,0,KFC,New Jersey,0,2,10,3,4.4499998,13,.12,2,11,10,.94999999,.69,1.5,4,3
269,1,KFC,New Jersey,3,10,3,4,5.0500002,26,.17,2,11,11,.94,.73000002,2.3199999,4,3
271,0,KFC,New Jersey,3,0,13,2,5,13,.1,2,11,11,1.02,.79000002,2.3399999,4,2
271,1,KFC,New Jersey,1,0,15,3,5.0500002,8,.1,2,11,12,.89999998,.73000002,2.28,4,3
272,0,KFC,New Jersey,4,4,11,3,5.0500002,4,.2,1,11,11,.94999999,.74000001,2.3399999,4,2
272,1,KFC,New Jersey,1,2,14,3,5.25,26,.2,2,11,12,.94,.73000002,2.3199999,4,3
273,0,KFC,New Jersey,0,2,14,4,4.6199999,13,.2,1,11,10,.94999999,.74000001,2.3399999,4,3
273,1,KFC,New Jersey,2,2,11,3,5.0500002,6,.18000001,1,11,10,.94999999,.74000001,2.3199999,4,3
274,0,KFC,New Jersey,0,0,15,2,5.5,26,.12,2,11,10,.91000003,.74000001,2.3399999,4,3
274,1,KFC,New Jersey,,3,7,3,5.0500002,26,.2,1,11,11,,,2.3199999,,
275,0,KFC,New Jersey,0,4,4,4,4.25,9,.25,2,11,11,.94999999,.79000002,2.3399999,4,3
275,1,KFC,New Jersey,2,1,8,2,5.0500002,13,.38999999,1,11,10.5,.94,.73000002,2.3199999,4,2
276,0,KFC,New Jersey,3,5,10,3,5,26,.25,2,11,10.5,.94999999,.74000001,2.1900001,4,3
276,1,KFC,New Jersey,,5,15,3,5.0500002,26,.28,3,11,12,.94999999,.73000002,2.3199999,5,3
277,0,KFC,New Jersey,0,2,15,3,4.25,9,.25,3,11,10,.94999999,.85000002,2.3399999,3,3
277,1,KFC,New Jersey,1,1,14,3,5.0500002,,,1,11,10,.94,.73000002,2.3199999,3,3
278,0,KFC,New Jersey,0,3,4,3,4.25,3,.25,2,11,10,.94999999,.74000001,2.1900001,4,3
278,1,KFC,New Jersey,,0,9,4,5.0500002,,,1,11,11,.94999999,.73000002,2.3199999,5,3
284,0,Roy Rogers,New Jersey,1,5,23,4,4.5,13,.25,2,6,16,1.02,.91000003,.91000003,5,4
284,1,Roy Rogers,New Jersey,1,6,12,3,5.0500002,26,.28,2,6,16,1.01,1.01,.94,4,3
285,0,Roy Rogers,New Jersey,1,3,25,3,4.75,4,.25,2,6,16,1.02,.91000003,.80000001,4,2
285,1,Roy Rogers,New Jersey,,3,15,3,5.0500002,52,.13,2,6,16,1.01,1.01,1.01,4,2
286,0,Roy Rogers,New Jersey,4,1,15,3,4.75,13,.25,2,10,11.5,1.12,,.94999999,2,1
286,1,Roy Rogers,New Jersey,1,2,15,3,5.0500002,26,.18000001,2,10,11.5,1.02,1.01,.94,2,1
287,0,Roy Rogers,New Jersey,2,3,18,3,4.5,13,.17,2,6,16,1.0599999,.91000003,.94999999,5,3
287,1,Roy Rogers,New Jersey,,2,15,3,5.0500002,4,.15000001,2,6,16,1.01,1.01,.94,5,3
288,0,Roy Rogers,New Jersey,3,0,20,3,4.75,,.25,2,6,16,1.02,.94999999,.94999999,6,4
288,1,Roy Rogers,New Jersey,,5,9,3,5.0500002,19,.15000001,2,6,16,1.01,1.01,.88999999,5,2
289,0,Roy Rogers,New Jersey,2,2,12,2,4.25,13,.2,2,6,16,1.02,.94999999,.94999999,5,3
289,1,Roy Rogers,New Jersey,,3,10,2,5.0500002,26,.25,2,7,15,1.01,1.01,2,6,3
290,0,Wendy's,New Jersey,1,8,12,3,4.75,26,.1,3,10.5,12.5,.94999999,.88999999,.94999999,2,2
290,1,Wendy's,New Jersey,1,0,23,2,5.0500002,,,1,10.5,11.5,1,.85000002,.94,2,2
291,0,Wendy's,New Jersey,0,4,20,3,4.5500002,16,.12,1,10.5,11.5,.94999999,.86000001,.94999999,2,2
291,1,Wendy's,New Jersey,,5,16,3,5.0999999,17,.1,2,10.5,11.5,1,.85000002,.94,2,2
292,0,Wendy's,New Jersey,2,10,15,3,4.8000002,26,.12,1,7,16,.94999999,.92000002,.94999999,2,1
292,1,Wendy's,New Jersey,,15,11,3,5.0500002,52,.25,1,7,16,1,.83999997,2.6900001,2,2
294,0,Burger King,New Jersey,3,0,35,3,,26,.2,2,7,16,1.0599999,.94999999,.94999999,3,3
294,1,Burger King,New Jersey,,0,35,3,5.0500002,26,.2,2,7,16,1.05,.94,.94,3,2
295,0,Burger King,New Jersey,3,8,9,3,4.75,26,.12,2,6.5,16.5,1.0599999,.94999999,.94999999,3,3
295,1,Burger King,New Jersey,1,,21,4,5.0500002,28,.18000001,2,6,18,1.05,.94,.94,3,3
296,0,Burger King,New Jersey,0,5,16,4,5.3000002,26,.25,2,7,16,1.0599999,.94999999,1.01,3,3
296,1,Burger King,New Jersey,3,4,9,6,5.0500002,13,,2,7,16,1.05,.94,1,3,2
297,0,Burger King,New Jersey,1,9,15,3,4.25,13,.050000001,2,7,16,1.0599999,.91000003,.98000002,3,3
297,1,Burger King,New Jersey,2,15,30,4,5.0500002,26,.15000001,2,7,16,1.05,.94,.98000002,3,2
299,0,KFC,New Jersey,0,3,8,2,5,26,,1,10.5,11.5,1.0599999,.85000002,2.3399999,3,2
299,1,KFC,New Jersey,1,6,12,2,5.0500002,13,.25,1,11,11.5,1.05,.83999997,2.3199999,3,2
301,0,KFC,New Jersey,4,8,12,5,5,11,.36000001,3,11,10.5,1.0599999,.85000002,2.3399999,3,1
301,1,KFC,New Jersey,1,2,7,1,5.0500002,4,.5,2,11,10.5,.94,.83999997,2.3199999,3,2
303,0,Roy Rogers,New Jersey,0,10,35,3,4.3499999,26,.27000001,2,6,17,1.12,1,1.02,6,5
303,1,Roy Rogers,New Jersey,,12,35,3,5.0500002,13,.15000001,2,7,16,1.05,1.05,1.05,5,3
304,0,Roy Rogers,New Jersey,3,10,20,3,4.5,26,.37,2,6,17,1.27,1.27,2.24,5,3
304,1,Roy Rogers,New Jersey,,10,15,4,5.0500002,26,.38,1,0,24,1.4,1.29,1.05,5,5
305,0,Roy Rogers,New Jersey,2,0,20,3,4.3899999,,,2,6,17,1.27,1.27,1.0599999,5,4
305,1,Roy Rogers,New Jersey,1,5,22,4,5.0500002,2,.34999999,1,6,18,1.37,1.3099999,1.05,5,4
306,0,Roy Rogers,New Jersey,0,15,15,3,,17,,2,6,17,1.02,,1.0599999,4,4
306,1,Roy Rogers,New Jersey,1,6,20,3,5.0500002,26,.23,2,6,18,1.11,1.05,1.05,,2
307,0,Roy Rogers,New Jersey,0,17.5,17.5,4,4.25,15,.5,2,6,18,1.1900001,1.1900001,1.0599999,5,5
307,1,Roy Rogers,New Jersey,1,25,25,6,5.1999998,,,2,0,24,1.26,,1.05,5,5
310,0,Wendy's,New Jersey,2,0,28,4,4.25,13,.25,2,10.5,11.5,.91000003,.91000003,1.9400001,2,1
310,1,Wendy's,New Jersey,,3,23,3,5.0500002,26,.30000001,2,10.5,11.5,.97000003,.89999998,2.0599999,2,2
311,0,Wendy's,New Jersey,2,0,30,4,,26,.31999999,2,10.5,11.5,.91000003,.91000003,1.0599999,2,2
311,1,Wendy's,New Jersey,,35,30,3,5.0500002,,.2,2,10.5,11.5,1.01,.94999999,1.05,2,2
312,0,Burger King,New Jersey,3,4,6,3,4.25,10,.22,1,8,11,1.22,1.0599999,.93000001,3,1
312,1,Burger King,New Jersey,,3,2,3,5.0500002,4,.25,1,9,10,1.26,1.05,1.02,3,1
313,0,Burger King,New Jersey,0,11,9,4,4.5,4,.25,1,7,15,1.0599999,.93000001,.94,3,2
313,1,Burger King,New Jersey,,0,30,,5.0500002,8,.25,1,7,15,1,1.01,.88999999,3,3
314,0,Burger King,New Jersey,8,8,12,3,4.6199999,4,.25,1,7,15,1.0599999,.94999999,.91000003,3,2
314,1,Burger King,New Jersey,,15,6,4,5.25,13,.15000001,1,6,16,1.05,.74000001,.94,3,3
315,0,Burger King,New Jersey,0,5,19,2,,4,.25,3,7,16,1,.85000002,.88,3,2
315,1,Burger King,New Jersey,,4.5,20,2,5.0500002,8,.079999998,2,7,16,1.05,.83999997,.87,3,2
316,0,Burger King,New Jersey,0,15,15,3,4.6199999,8,.25,2,7,16,1.0599999,.92000002,.87,3,2
316,1,Burger King,New Jersey,,12,14,3,5.0500002,26,.15000001,2,7,16,1.05,.94,.94,,
317,0,Burger King,New Jersey,3,0,8,2,4.25,13,.17,1,8,12,1.22,.93000001,.95999998,3,1
317,1,Burger King,New Jersey,1,4,0,3,5.0500002,8,.13,1,8,10.5,1.26,1.05,1.05,2,1
318,0,KFC,New Jersey,3,5,7,3,4.75,13,.25,2,11,12,1.23,.98000002,2.6099999,3,3
318,1,KFC,New Jersey,,7,6,4,5.0500002,13,.5,1,10.5,11.5,1.11,.94999999,2.5899999,3,3
319,0,KFC,New Jersey,2,0,11,3,4.6199999,2.5,.12,2,10.5,12.5,1.0599999,.85000002,3.95,,
319,1,KFC,New Jersey,,22,4,3,5.0500002,13,.25,1,10.5,11.5,.94999999,.89999998,2.4300001,4,3
320,0,KFC,New Jersey,0,5,9,2,5,13,.12,2,11,12,1.12,.80000001,2.45,4,4
320,1,KFC,New Jersey,,4,6,3,5.0500002,,,1,11,11,1.05,.83999997,2.4300001,4,3
321,0,KFC,New Jersey,0,3,14,3,5,,.25,2,10.5,12.5,1.12,.85000002,2.45,4,2
321,1,KFC,New Jersey,2,4,11,2,5.0500002,13,.15000001,1,11,12,1.05,.83999997,2.4300001,4,3
322,0,Roy Rogers,New Jersey,0,8,13,4,4.75,13,.15000001,2,6,16,1.0599999,1.0599999,1.02,6,2
322,1,Roy Rogers,New Jersey,1,12,5,4,5.0500002,13,,2,7,15,.95999998,1.01,.94,6,3
324,0,Roy Rogers,New Jersey,2,20,46,5,5.25,26,.2,2,0,24,1.1799999,1.0599999,,5,2
324,1,Roy Rogers,New Jersey,4,22,39,5,5.0500002,52,.25,2,0,24,1.22,1.05,1.05,5,2
325,0,Roy Rogers,New Jersey,0,4,15,4,4.5,10,.25,2,6,15,1.09,1.0599999,.79000002,6,3
325,1,Roy Rogers,New Jersey,,1,15,3,5.0500002,26,.1,2,7,15,1.02,1.01,1.01,6,3
326,0,Roy Rogers,New Jersey,3,18,45,5,5.1500001,11,.15000001,2,0,24,1.26,.99000001,,4,3
326,1,Roy Rogers,New Jersey,1,0,45,4,5.0500002,,,2,0,24,1.22,,1.05,4,2
330,0,Wendy's,New Jersey,0,4,16,3,5.4200001,13,.12,1,10.5,15.5,1.01,.86000001,.94999999,2,2
330,1,Wendy's,New Jersey,,3,20,3,5.6700001,52,.25,1,10.5,14.5,.94,.79000002,1.26,2,2
333,0,Burger King,New Jersey,0,2,16.5,4,4.25,13,.2,2,7,15,1.02,.88,.81999999,4,
333,1,Burger King,New Jersey,,3,20,3,5.0500002,13,.18000001,2,7,15,1.04,.87,.87,3,3
334,0,Burger King,New Jersey,0,10,10,3,5,4,.17,3,9,12.5,.91000003,.91000003,.91000003,3,3
334,1,Burger King,New Jersey,,0,20,3,5.0500002,26,.18000001,3,9,12.5,.89999998,.89999998,.85000002,3,2
335,0,Burger King,New Jersey,0,9,10,3,,13,.17,1,6,17,1.0599999,.92000002,.92000002,5,2
335,1,Burger King,New Jersey,3,7,13,3,5.0500002,26,.13,1,6,17,1.05,.94,.94,5,2
336,0,Burger King,New Jersey,2,28,12,4,4.5,4,.2,2,7,15,1.02,.91000003,.93000001,3,2
336,1,Burger King,New Jersey,,10,20,5,5.0500002,6,.2,2,6,16,.94999999,1.05,.94,3,3
337,0,Burger King,New Jersey,0,5,29.5,5,4.8699999,,.30000001,3,7,17,1.0599999,.93000001,.93000001,4,3
337,1,Burger King,New Jersey,,25,5,3,5.0500002,26,,2,7,17,,,,,
339,0,Burger King,New Jersey,2,18,6,2,4.25,26,.37,3,7,16,1.0599999,.85000002,.94999999,3,3
339,1,Burger King,New Jersey,,5,9,2,5.0500002,13,.25,1,7,16,.94999999,.94999999,.94999999,3,3
340,0,Burger King,New Jersey,3,6,30,3,4.25,26,.1,2,7.5,14.5,.95999998,.94999999,.85000002,5,4
340,1,Burger King,New Jersey,,15,17,2,5.0500002,8,.15000001,2,6,16,1.05,.83999997,.83999997,5,4
341,0,KFC,New Jersey,0,2,7,2,4.6199999,4,.25,1,11,9.5,.94999999,.74000001,2.3399999,3,3
341,1,KFC,New Jersey,,3,7,3,5.0500002,,,1,11,11,.89999998,.83999997,2.3199999,4,2
343,0,KFC,New Jersey,0,10,6,2,4.75,26,.25,2,11,10.5,.94999999,.74000001,2.3399999,4,3
343,1,KFC,New Jersey,4,4,11,2,5.0500002,6,.15000001,2,11,12,.94999999,.85000002,2.3199999,4,3
346,0,KFC,New Jersey,0,2,10.5,2,4.25,19,.2,2,11,10,.94999999,,,4,3
346,1,KFC,New Jersey,,3,12,3,,,,1,11,11,.85000002,,,,
349,0,Roy Rogers,New Jersey,1,2.5,27,5,5,6,.15000001,2,6,16,1.12,.91000003,.94999999,3,3
349,1,Roy Rogers,New Jersey,,0,20,4,5.0500002,4,.18000001,2,7,15,1.01,1.01,.94,3,3
350,0,Roy Rogers,New Jersey,0,8,9,4,4.75,13,.37,2,6,16,1.0599999,.91000003,1.12,5,
350,1,Roy Rogers,New Jersey,1,5,20,2,5.0500002,13,.23,2,6,17,1.01,1.01,.88999999,5,4
351,0,Roy Rogers,New Jersey,1,2,27.5,3,4.25,,,2,6,16,1.02,.89999998,.94999999,4,3
351,1,Roy Rogers,New Jersey,2,10,20,4,5.0500002,52,.52999997,2,6,16,1.01,1.01,.73000002,4,2
353,0,Roy Rogers,New Jersey,0,7.5,22.5,3,4.3699999,13,.22,2,6,16,1.0700001,.85000002,.94999999,5,3
353,1,Roy Rogers,New Jersey,4,,31,4,5.0500002,28,,2,6,16,1.01,1.01,.88999999,3,3
354,0,Wendy's,New Jersey,3,14,7,3,5.0599999,4,.25,1,10.5,10.5,.94999999,.86000001,.94999999,2,2
354,1,Wendy's,New Jersey,,9,7,3,5.0500002,13,.23,1,10.5,10.5,1,.85000002,.94,2,2
355,0,Wendy's,New Jersey,0,2,17,3,4.8699999,26,.15000001,1,10.5,11.5,.94999999,.92000002,.94999999,2,2
355,1,Wendy's,New Jersey,,3,17,2,,,,1,10.5,11.5,1,.85000002,.88999999,2,2
356,0,Wendy's,New Jersey,3,11.5,10,4,5.0500002,13,,1,10.5,11.5,.94999999,.80000001,1.0599999,2,2
356,1,Wendy's,New Jersey,,0,28,4,5.0500002,17,.15000001,1,10.5,11.5,1,.85000002,1.05,2,2
357,0,Wendy's,New Jersey,1,4.5,20,3,5,16,.2,1,10.5,11.5,.94999999,.86000001,.94999999,2,2
357,1,Wendy's,New Jersey,,21,6,3,5.25,13,.25,1,10.5,12.5,1,.83999997,2.3499999,2,2
359,0,Burger King,New Jersey,1,0,22,4,4.25,26,.17,2,7,15,1.02,.85000002,.81999999,3,3
359,1,Burger King,New Jersey,,0,26,4,5.0500002,26,.25,2,7,16,1.05,.87,.81999999,3,2
360,0,Burger King,New Jersey,0,3,25,2,4.25,13,.15000001,2,7,15,1.0599999,.83999997,.88999999,3,3
360,1,Burger King,New Jersey,,5,32,7,5.0500002,4,.25,2,7,16,1.05,.87,.81999999,3,3
361,0,Burger King,New Jersey,0,6,13,5,4.25,26,.22,2,7,16,1.02,.91000003,.85000002,3,3
361,1,Burger King,New Jersey,,4,23,6,5.0500002,26,.18000001,2,7,16,.89999998,.93000001,.92000002,3,2
362,0,KFC,New Jersey,0,6,13,,4.25,13,.66000003,2,10.5,12.5,1.0599999,.81,2.45,5,3
362,1,KFC,New Jersey,,24,4,4,5.0500002,13,.18000001,1,10.5,12.5,1.05,.83999997,2.4300001,5,3
363,0,KFC,New Jersey,2,0,25,3,4.25,18,.18000001,2,10.5,12.5,1.0599999,.80000001,2.45,4,3
363,1,KFC,New Jersey,,14,7,2,5.1999998,4,.13,2,10.5,12.5,1.01,.80000001,2.4300001,4,4
364,0,KFC,New Jersey,3,3.5,20,3,4.25,13,.12,2,11,12,.94999999,.85000002,2.45,4,4
364,1,KFC,New Jersey,,1,30,4,5.0500002,52,.25,1,10.5,12.5,1.05,.83999997,2.4300001,5,3
366,0,Roy Rogers,New Jersey,3,2,17,3,4.5,13,.25,2,10.5,11.5,1.02,.91000003,.63,5,4
366,1,Roy Rogers,New Jersey,1,1,19,4,5.0500002,13,.25,2,10.5,11.5,1.01,.89999998,.63,4,3
368,0,Wendy's,New Jersey,1,0,20,3,4.25,13,.15000001,3,10.5,12.5,.88999999,.86000001,.94999999,2,1
368,1,Wendy's,New Jersey,,0,25,2,5.0500002,19,.15000001,1,10.5,11.5,1,.85000002,.94999999,2,2
370,0,Burger King,New Jersey,0,20,11.5,3.3,4.8499999,18,.25,3,7,16,1.0599999,.94999999,.94999999,3,2
370,1,Burger King,New Jersey,,26,5,3,5.0500002,,.1,3,7,16,,,,3,2
371,0,Burger King,New Jersey,0,12,23,4,5,13,.15000001,2,7,16,1.0599999,1.02,.94999999,3,3
371,1,Burger King,New Jersey,,11,22,5,5.25,26,,3,7,16,,,,4,2
372,0,Burger King,New Jersey,2,0,45,5,,26,.15000001,3,6.5,19,1.1,.94999999,1.1,4,
372,1,Burger King,New Jersey,1,30,20,5,5.0500002,8,.079999998,2,6.5,18.5,1.0599999,1.05,1.04,4,3
373,0,Burger King,New Jersey,0,14,12,4,5,4,.25,2,6.5,15.5,1.01,.94999999,1.03,6,3
373,1,Burger King,New Jersey,,18,15,4,5.0500002,13,.25,2,6.5,15.5,1.1,.94,1.02,6,5
375,0,Burger King,New Jersey,3,25,10,4,5.25,26,.25,1,7,15,1.02,.80000001,,4,2
375,1,Burger King,New Jersey,1,0,25,4,5.5,26,.1,1,7,15,1.05,.94,1.01,3,3
376,0,Burger King,New Jersey,3,4,10,4,4.5,13,.1,2,8,14,.94999999,.94999999,.95999998,8,4
376,1,Burger King,New Jersey,2,0,17,3,5.0500002,15,.2,2,8,14,1.26,1.01,1,3,3
377,0,Burger King,New Jersey,3,12,6,3,4.25,26,.15000001,2,8,14,1.0599999,.94999999,.94999999,3,2
377,1,Burger King,New Jersey,,11,12,3,5.0500002,26,.2,2,8,14,1.05,.94999999,.94,3,1
378,0,Burger King,New Jersey,4,10,8,4,5,52,.1,2,6.5,18.5,1.1,.95999998,1.1,5,5
378,1,Burger King,New Jersey,,20,15,4,5.0500002,52,.25,2,6,19,1.05,.99000001,1.03,6,4
379,0,Burger King,New Jersey,0,20,12,4,4.6199999,26,.17,3,7,16,1.0599999,1.0599999,.94999999,3,2
379,1,Burger King,New Jersey,1,28,6,3,5.0500002,52,.15000001,1,7,16,1.0599999,1.0599999,1.0599999,3,2
380,0,Burger King,New Jersey,0,10,15,3,4.5,52,.2,3,7,16,1.0599999,.94999999,.94999999,3,2
380,1,Burger King,New Jersey,,15,14,3,5.0500002,26,.13,1,7,16,1.05,.94,.94,3,2
381,0,Burger King,New Jersey,0,10,20,4,5,13,.5,2,6.5,16.5,1.27,1.17,1.1,4,2
381,1,Burger King,New Jersey,,15,15,5,5.0500002,8,.47,2,6.5,16.5,1.37,1.16,1.16,4,2
383,0,Burger King,New Jersey,3,6,4,2,4.5,26,.25,1,7,16,1.15,.94999999,.94999999,2,2
383,1,Burger King,New Jersey,2,7,2,2,5.0500002,26,.38,1,7,16,1.16,1.01,1.05,2,2
384,0,Burger King,New Jersey,3,,,3,4.6500001,26,.25,2,7,16,1.0599999,.94999999,.94999999,3,2
384,1,Burger King,New Jersey,,0,30,3,5.0500002,26,.1,3,7,16,1.05,1.05,.88999999,3,2
385,0,Burger King,New Jersey,2,16,14,3,4.25,,.15000001,1,7,17,,,,3,2
385,1,Burger King,New Jersey,4,15,14,3,5.0500002,28,.1,2,7,17,1.16,1.22,.41,3,3
386,0,Burger King,New Jersey,0,0,19,3,4.25,39,.25,1,7,17,1.0599999,.94999999,.94999999,3,2
386,1,Burger King,New Jersey,,14,10,4,5.0500002,26,.25,1,7,17,1.05,.94999999,.94999999,4,2
391,0,KFC,New Jersey,3,15,5,2,4.25,6,.12,2,11,10,1.0599999,1.0599999,2.6600001,3,3
391,1,KFC,New Jersey,2,12,7,2,5.0500002,,,2,11,10,1.05,1.05,2.6400001,4,3
393,0,KFC,New Jersey,4,4,10,3,4.6199999,2,.25,2,11,11,1.17,1.27,2.77,3,2
393,1,KFC,New Jersey,3,18,4,3,5.25,13,.25,1,11,11,1.16,1.26,2.75,3,2
396,0,Roy Rogers,New Jersey,1,24,16,4,4.8699999,9,.37,2,6,17,1.27,1.0700001,2.1300001,5,3
396,1,Roy Rogers,New Jersey,,8,30,3,5.4000001,26,.1,2,7,16,1.11,1.05,1.05,5,3
397,0,Roy Rogers,New Jersey,2,4,28,3,4.25,52,.62,2,6,17,1.12,1.02,1.0599999,4,3
397,1,Roy Rogers,New Jersey,9,6,15,3,5.0500002,52,.23999999,2,6,17,1.17,1.0599999,2.1099999,4,3
398,0,Roy Rogers,New Jersey,1,14,13,4,4.75,13,.15000001,2,6,17,1.12,1.0599999,1.0599999,5,4
398,1,Roy Rogers,New Jersey,2,25,15,3,5.0500002,28,,2,6,17,1.11,1.0599999,1.05,5,3
399,0,Roy Rogers,New Jersey,0,13,8,3,4.8699999,18,.30000001,2,6,17,1.27,1.04,1.12,7,3
399,1,Roy Rogers,New Jersey,,18,18,4,5.0500002,26,.23,2,7,16,1.26,1.08,1.05,7,4
400,0,Roy Rogers,New Jersey,0,16,15,3,4.5,39,.5,3,6,17,1.2,1.0599999,1.0599999,5,5
400,1,Roy Rogers,New Jersey,,8,24,3,5.0500002,41,.15000001,2,7,16,1.17,1.01,1.05,5,3
401,0,Roy Rogers,New Jersey,0,8,6,4,4.25,13,.17,2,7,16,1.12,1.02,1.02,6,4
401,1,Roy Rogers,New Jersey,2,5,27,4,5.0500002,26,.15000001,2,6,16,1.12,1.05,1.05,6,4
402,0,Roy Rogers,New Jersey,2,11,10,3,4.75,26,.25,2,6,16,1.12,1.02,1.0599999,4,2
402,1,Roy Rogers,New Jersey,,17,5,2,5.0500002,26,.13,2,7,15,1.11,1.05,1.05,4,1
403,0,Roy Rogers,New Jersey,2,13,31,,5.0500002,26,.15000001,2,6,18,1.09,1.12,1.0599999,5,4
403,1,Roy Rogers,New Jersey,3,11,23,3,5.0500002,13,,2,7,16,1.11,1.0599999,1.05,4,4
405,0,Roy Rogers,New Jersey,3,6,17,3,4.3200002,26,.12,2,6,17,1.12,1.02,1.0599999,7,4
405,1,Roy Rogers,New Jersey,,1.5,15,3,5.0500002,26,.15000001,2,7,16,1.12,1.01,1.05,6,3
406,0,Wendy's,New Jersey,0,12,35,4,5,,.31999999,1,10.5,11.5,1.02,,2.1400001,2,2
406,1,Wendy's,New Jersey,,17,22,4,5.5,13,,1,10.5,12.5,.83999997,.94,1.99,2,2
407,0,KFC,Pennsylvania,0,2,12,3,4.75,52,.12,3,11,10,.94999999,.74000001,2.3299999,4,3
407,1,KFC,Pennsylvania,,1,14,3,4.25,4,.30000001,1,11,11,.94999999,.83999997,2.53,4,3
408,0,Wendy's,New Jersey,2,5,10,2,5.75,26,.15000001,2,11,10.5,1.17,1.17,1.38,1,1
408,1,Wendy's,New Jersey,,8,7,3,5.5,26,.15000001,2,11,10.5,1.05,1.16,2.3199999,1,1
409,0,Burger King,New Jersey,0,3,60,2,5,39,,1,7,15,1.1900001,.87,.94999999,3,3
409,1,Burger King,New Jersey,2,0,15,3,5.0500002,,,1,7,15,1.09,1.04,1.01,3,3
410,0,Burger King,New Jersey,0,0,35,3,4.25,26,.1,3,7,16,1.04,1.12,1.02,4,3
410,1,Burger King,New Jersey,,0,35,3,5.0500002,26,.1,2,7,16,1.1900001,.98000002,1.01,4,3
411,0,Burger King,New Jersey,1,0,36,3,4.5,26,.1,2,7,16,1.16,1.02,1.09,5,4
411,1,Burger King,New Jersey,,4,36,3,5.0500002,4,.13,2,7,16,1.15,1.01,1.01,5,4
412,0,KFC,New Jersey,0,0,17,2,4.5,,.37,1,11,11,1.0599999,1.02,2.3399999,5,2
412,1,KFC,New Jersey,,0,13,2,5.0500002,,,1,11,11,1.15,1.05,2.6400001,5,3
413,0,Burger King,New Jersey,0,0,36,5,4.25,9,.5,1,6,17,1.12,1.02,1.0599999,4,3
413,1,Burger King,New Jersey,,0,20,3,5.0500002,26,.13,1,7,17,1.11,1.01,1.05,4,2
414,0,Burger King,New Jersey,0,0,36,5,4.25,26,,1,7,16,1.0599999,.94999999,1.11,4,2
414,1,Burger King,New Jersey,,13,9,4,5.0500002,26,.38,3,7,16,1.15,.94999999,1.13,4,3
415,0,Burger King,New Jersey,0,8,32,5,4.25,9,,2,7,16,1.0599999,.91000003,.98000002,5,3
415,1,Burger King,New Jersey,,0,38,4,5.0500002,52,,2,7,16,1.05,.89999998,1.04,4,2
417,0,Burger King,New Jersey,0,4,28,3,4.25,13,.2,2,7,16,1.05,.94,1.0700001,4,4
417,1,Burger King,New Jersey,,13,17,4,5.0500002,26,.15000001,3,7,16,1.11,1.09,1,3,2
418,0,Burger King,New Jersey,2,30,15,4,4.25,26,.1,2,8,15,1.02,1.01,.51999998,4,3
418,1,Burger King,New Jersey,,0,35,4,5.0500002,26,.15000001,2,7,16,1.03,.89999998,.58999997,3,3
419,0,KFC,New Jersey,4,3,10,4,4.25,,.5,2,11,11,1.0599999,.85000002,2.3399999,4,4
419,1,KFC,New Jersey,4,5,5,2,5.0500002,,,1,11,11,1.05,.83999997,2.53,4,3
421,0,KFC,New Jersey,3,20,10,8,4.6199999,4,.37,2,10.5,13,1.0599999,.85000002,2.3399999,4,2
421,1,KFC,New Jersey,3,25,7,8,5.0500002,4,1,2,10.5,13,1.05,.83999997,2.3199999,4,2
422,0,KFC,New Jersey,2,0,7,3,4.75,,.25,2,10,11,1.0599999,.85000002,2.3399999,4,2
422,1,KFC,New Jersey,2,5,10,6,5.0500002,,,1,11,11,1.01,.83999997,2.3199999,4,4
423,0,KFC,New Jersey,3,2,10,2,4.9499998,13,.5,1,11,12,1.0599999,.85000002,2.3399999,3,2
423,1,KFC,New Jersey,1,19,3.5,3,5.25,13,.5,1,11,11,1.05,.83999997,2.3199999,3,2
424,0,KFC,New Jersey,0,3.5,6.5,3,4.75,13,.25,1,11,11,1.0599999,.85000002,2.3399999,5,3
424,1,KFC,New Jersey,1,12,3,4,5.25,19,.5,1,11,14,1.05,.94,2.3199999,5,3
426,0,Roy Rogers,New Jersey,0,3,33,5,4.25,26,.15000001,2,5,19,1.1799999,1.02,1.0599999,5,3
426,1,Roy Rogers,New Jersey,,5,25,3,5.0500002,19,.25,2,6,18,1.11,1.05,1.05,6,5
427,0,Wendy's,New Jersey,3,7,8,3,4.75,13,.1,2,10.5,12.5,1.0599999,.98000002,2.03,2,2
427,1,Wendy's,New Jersey,4,0,35,3,5.0500002,,,2,10.5,12.5,1.11,1.09,2.0699999,2,2
428,0,Wendy's,New Jersey,2,0,33,3,4.6199999,13,.12,2,10.5,12.5,1.0599999,.98000002,1.0599999,2,2
428,1,Wendy's,New Jersey,,10,24,3,5.1399999,13,.1,2,10.5,12.5,1.05,.88999999,2.1099999,2,2
430,0,Burger King,Pennsylvania,0,20,25,4,4.25,13,.15000001,2,7,15,.94999999,.75,.80000001,3,3
430,1,Burger King,Pennsylvania,,0,48,3,4.25,26,.13,2,7,16,.91000003,.73000002,.75,3,3
432,0,Burger King,Pennsylvania,0,20,55,5,4.5,17,.15000001,2,7,16,.94,.74000001,.79000002,4,3
432,1,Burger King,Pennsylvania,1,25,10,4,5.0500002,26,.2,2,7,16,.94,.74000001,.79000002,3,1
433,0,Burger King,Pennsylvania,0,10,30,4,4.25,13,.15000001,2,7,16,.94999999,.73000002,.80000001,3,3
433,1,Burger King,Pennsylvania,6,0,42,4,,,,2,7,16,.94,.74000001,.74000001,3,3
434,0,Burger King,Pennsylvania,2,15,50,5,4.25,6,.25,2,7,16,.94999999,.75,,3,3
434,1,Burger King,Pennsylvania,,19,29,4,4.25,,,2,7,16,.94999999,.80000001,.80000001,3,3
435,0,Burger King,Pennsylvania,1,1,37.5,3,4.25,4,.17,2,6.5,15.5,.94999999,.75,.79000002,3,3
435,1,Burger King,Pennsylvania,,0,32,5,4.25,6,.15000001,2,6.5,15.5,.94,.74000001,.79000002,3,2
438,0,KFC,Pennsylvania,2,0,9,3,4.25,52,.07,2,11,8,1.01,.83999997,2.4300001,2,1
438,1,KFC,Pennsylvania,,2,9,3,4.25,52,.050000001,2,11,9,.94999999,.83999997,2.4300001,2,1
440,0,Wendy's,Pennsylvania,2,0,25,3,4.25,19,.15000001,2,10.5,11.5,.88999999,.79000002,2.01,2,2
440,1,Wendy's,Pennsylvania,,0,30,3,,,,2,10.5,11.5,1,.80000001,1.8,2,2
441,0,Wendy's,Pennsylvania,2,30,10,3,4.25,4,.25,2,10.5,11.5,.88999999,.76999998,.83999997,2,2
441,1,Wendy's,Pennsylvania,,0,30,3,4.25,4,.25,2,10.5,11.5,1,.80000001,1.8099999,2,2
443,0,Wendy's,Pennsylvania,0,4,19,4,4.25,4,.25,2,10.5,11.5,.88999999,.79000002,1.8,2,2
443,1,Wendy's,Pennsylvania,,5,20,4,4.3499999,17,.18000001,2,10.5,11.5,1,.80000001,1.8099999,2,2
444,0,Wendy's,Pennsylvania,2,12,20,3,4.25,19,.37,2,10.5,12.5,.88999999,.80000001,.83999997,2,2
444,1,Wendy's,Pennsylvania,,10,35,4,4.5,4,.30000001,2,10.5,11.5,.88999999,,.79000002,2,2
445,0,Burger King,Pennsylvania,0,50,35,3,5,26,.1,2,6,18,1.04,.88,.94,3,3
445,1,Burger King,Pennsylvania,,15,18,5,4.75,26,.15000001,2,6,18,1.04,.86000001,.94,3,3
446,0,Burger King,Pennsylvania,2,,,3,4.5,4,.25,2,6,18,1.03,.83999997,.94,,
446,1,Burger King,Pennsylvania,,7,24,4,5,4,.25,2,6,18,.97000003,.83999997,.91000003,4,3
448,0,Burger King,Pennsylvania,0,8,18,4,4.75,4,.25,2,6,18,.97000003,.83999997,.91000003,3,3
448,1,Burger King,Pennsylvania,1,8,27,3,4.5,13,.25,2,6,18,.95999998,.82999998,.87,3,3
449,0,Burger King,Pennsylvania,2,0,25,3,4.8699999,3.5,,2,6,18,,,,4,4
449,1,Burger King,Pennsylvania,,15,15,5,5,52,.25,2,6,18,.97000003,.83999997,.73000002,3,3
450,0,Burger King,Pennsylvania,0,2,21,3,4.75,13,.15000001,2,6.5,16.5,.97000003,.81999999,.83999997,3,3
450,1,Burger King,Pennsylvania,2,27.5,8,3,4.75,13,.25,2,6,18,.91000003,.83999997,.86000001,3,3
451,0,Burger King,Pennsylvania,0,10,17,5,5,52,.25,2,0,24,1.05,.83999997,.95999998,6,4
451,1,Burger King,Pennsylvania,2,26,9,6,5,26,.2,2,0,24,1.11,.83999997,.94,6,3
454,0,KFC,Pennsylvania,0,1,9,3,4.5,4,.15000001,2,11,10,.94,.73000002,2.53,4,3
454,1,KFC,Pennsylvania,,0,18,5,5,13,.25,1,11,11,.94,.73000002,2.6400001,4,3
455,0,KFC,Pennsylvania,0,2,8,5,5.25,13,.25,1,11,10,.73000002,.73000002,2.3199999,2,2
455,1,KFC,Pennsylvania,,3,12,2,5,13,.25,2,11,11,.94,.83999997,2.3199999,4,3
458,0,KFC,Pennsylvania,2,2,10,2,5,19,.15000001,1,11,10,.94,.73000002,2.3199999,4,4
458,1,KFC,Pennsylvania,1,2,9,2,5,13,.25,1,11,10.5,.89999998,.73000002,2.3199999,4,3
459,0,Roy Rogers,Pennsylvania,0,5,20,3,4.25,13,.37,2,6,16,1.05,.89999998,.94,5,
459,1,Roy Rogers,Pennsylvania,1,0,20,5,4.3499999,28,.15000001,2,7,15,1.01,1.01,.88999999,4,2
462,0,Roy Rogers,Pennsylvania,0,2.5,20,3,5,13,.37,2,9,12.5,1.05,1.01,1.11,4,4
462,1,Roy Rogers,Pennsylvania,1,1,25,4,4.75,13,.2,2,9,12,1.01,1.01,.88999999,6,3
466,0,Wendy's,Pennsylvania,2,8,17.5,4,4.75,17,.30000001,3,10.5,11.5,.94,.80000001,.94,2,2
466,1,Wendy's,Pennsylvania,5,14,12,3,,52,,1,10.5,11.5,.94,,,2,2
468,0,Burger King,Pennsylvania,0,40,30,3,5,13,.17,2,6,18,.94999999,.94,.94999999,4,3
468,1,Burger King,Pennsylvania,,9,32,4,5,26,.13,2,6,18,.97000003,.83999997,.86000001,4,3
469,0,Burger King,Pennsylvania,0,8,27,5,5,39,.25,2,6,18,.92000002,.72000003,.95999998,3,2
469,1,Burger King,Pennsylvania,1,7,39,4,4.5,41,.23,2,6,18,.92000002,.81,.87,3,3
470,0,Burger King,Pennsylvania,0,10.5,30,3,5.5,,.30000001,2,6,18,.97000003,.83999997,.94,3,3
470,1,Burger King,Pennsylvania,2,18,10,3,4.75,13,.15000001,2,6,18,1.03,.83999997,.94,3,2
471,0,Burger King,Pennsylvania,2,25,20,4,4.25,26,,2,6,18,.97000003,.83999997,.91000003,2,2
471,1,Burger King,Pennsylvania,,12,23,3,4.25,26,.15000001,2,6,18,.97000003,.86000001,.91000003,3,1
472,0,Burger King,Pennsylvania,2,37.5,2,3,4.25,52,,2,6.5,16.5,.97000003,1.05,.91000003,3,3
472,1,Burger King,Pennsylvania,,8,25,3,4.9000001,13,.18000001,2,6,17,.95999998,.83999997,.91000003,3,3
473,0,Burger King,Pennsylvania,0,5,27,4,4.75,26,.5,2,6,17,.97000003,.86000001,.88999999,3,2
473,1,Burger King,Pennsylvania,1,26,15,2,4.5,19,.13,2,6,17,.97000003,.83999997,.86000001,3,3
474,0,Burger King,Pennsylvania,2,6,9,3,5,26,.37,2,9,12.5,1.13,.98000002,1.01,3,1
474,1,Burger King,Pennsylvania,1,5,20,3,4.5,,0,2,8.5,13,1.09,.94,.94,3,2
475,0,Burger King,Pennsylvania,1,25,8,3,4.5,,,1,7,15,1.02,.88999999,.89999998,3,3
475,1,Burger King,Pennsylvania,,10,16,3,4.5,26,.15000001,1,7,15,1.02,.94,.89999998,3,3
476,0,Burger King,Pennsylvania,2,6,30,3,4.25,52,.12,2,6,18,.94999999,.79000002,.91000003,3,3
476,1,Burger King,Pennsylvania,1,5,30,3,4.75,52,.2,2,6,18,.95999998,.83999997,1.1799999,3,3
477,0,Burger King,Pennsylvania,1,8,28,4,4.25,39,.12,2,6.5,16.5,.97000003,.77999997,.99000001,3,3
477,1,Burger King,Pennsylvania,,6,20,4,6.25,26,.5,2,6,17,.95999998,.83999997,.88999999,3,3
478,0,Burger King,Pennsylvania,0,32,25,4,4.5,13,.22,2,6,19,.97000003,.86000001,.91000003,3,3
478,1,Burger King,Pennsylvania,1,8,30,4,4.3499999,13,.25,2,6,18,1.01,.88,.91000003,3,2
481,0,KFC,Pennsylvania,2,5,17.5,3,5.25,26,.25,3,11,10,.94999999,.74000001,2.53,5,4
481,1,KFC,Pennsylvania,2,15,4,3,5,26,.25,2,11,11,.74000001,.73000002,2.53,3,3
483,0,KFC,Pennsylvania,0,1,15,1,5,13,.07,2,11,10,.94,.73000002,2.3199999,4,3
483,1,KFC,Pennsylvania,,4,13,3,4.75,13,.18000001,1,11,11,.94999999,.74000001,2.3299999,4,3
485,0,KFC,Pennsylvania,2,1,9,3,4.5,26,.37,2,11,10,.94999999,.74000001,2.3299999,4,3
485,1,KFC,Pennsylvania,,4,12,3,4.5,19,,2,11,11,1.01,.73000002,2.3199999,4,3
487,0,Roy Rogers,Pennsylvania,0,10,6,2,5,13,.17,2,10,11.5,1.11,.91000003,.94999999,6,3
487,1,Roy Rogers,Pennsylvania,,6,20,3,4.75,26,.1,2,10.5,11,1.05,1.01,.94,6,1
488,0,Roy Rogers,Pennsylvania,1,20,13,3,5,13,.25,2,6,16,1.05,.79000002,1.01,5,5
488,1,Roy Rogers,Pennsylvania,,5,15,3,4.75,26,.13,2,7,15,1.01,1.01,.94,5,3
489,0,Roy Rogers,Pennsylvania,2,5,23,2,5,13,.37,2,7,14,1.05,1.01,.94,4,4
489,1,Roy Rogers,Pennsylvania,2,2,19,3,4.25,26,.13,2,10,11.5,1.01,1.01,1.05,6,3
490,0,Roy Rogers,Pennsylvania,0,10,12.5,4,5,13,.12,2,6,16,1.05,1.01,1.05,4,4
490,1,Roy Rogers,Pennsylvania,1,2,18,3,5,26,.28,2,6,16,1.01,1.01,1.05,5,3
492,0,Roy Rogers,Pennsylvania,0,2,16,3,4.5,13,.25,2,9,12.5,1.11,1.05,.94,2,1
492,1,Roy Rogers,Pennsylvania,,4,15,2,4.5,19,.1,2,9,12.5,1.11,1.11,1.05,2,1
493,0,Roy Rogers,Pennsylvania,0,27,12,3,5,26,.25,2,6,16,1.05,.89999998,2.01,6,3
493,1,Roy Rogers,Pennsylvania,,0,30,4,4.9000001,13,.25,2,6,16,1.02,1.01,.83999997,3,3
495,0,Roy Rogers,Pennsylvania,2,4,28,3,5,26,.25,2,7,15,1.05,1.01,.94,3,3
495,1,Roy Rogers,Pennsylvania,,8,20,3,5,26,.25,2,6,16,.95999998,1.01,1.01,5,3
496,0,Roy Rogers,Pennsylvania,0,10,15,3,5,13,.17,2,6,16,1.05,.89999998,.73000002,5,3
496,1,Roy Rogers,Pennsylvania,,10,10,3,4.75,19,.18000001,2,6,16,1.01,1.01,.88999999,,
497,0,Wendy's,Pennsylvania,0,12,15,3,4.5,13,.15000001,2,10,12,.91000003,.83999997,.83999997,2,2
497,1,Wendy's,Pennsylvania,,,,5,,,,2,10,12,1.01,.89999998,.79000002,2,2
498,0,Wendy's,Pennsylvania,2,20,10,3,4.75,26,.1,2,10,12,.91000003,.83999997,.85000002,2,2
498,1,Wendy's,Pennsylvania,2,21,5.5,3,5,26,,2,10,12,.98000002,.83999997,.89999998,2,2
499,0,Wendy's,Pennsylvania,0,0,28,5,5,26,.07,2,10,12,.89999998,.69,1.75,2,2
499,1,Wendy's,Pennsylvania,1,0,31,5,5,26,.1,2,10,12,.89999998,.69,.94,2,2
501,0,Burger King,Pennsylvania,0,14,15,3,4.25,4,.37,2,6.5,16.5,.83999997,.83999997,.94,3,3
501,1,Burger King,Pennsylvania,2,30,15,6,4.75,4,.34999999,1,6,18,1.03,.91000003,.91000003,3,3
503,0,Burger King,Pennsylvania,2,7.5,14,4,4.75,,.12,2,6.5,16.5,.97000003,.83999997,.91000003,3,3
503,1,Burger King,Pennsylvania,,35,6.5,3,4.5,13,.15000001,2,6,18,.97000003,.83999997,1,3,3
506,0,KFC,Pennsylvania,0,3,7,2,,13,.37,2,11,10,.94999999,.74000001,2.3299999,3,3
506,1,KFC,Pennsylvania,,3,7,4,5,19,.25,1,11,11,.94999999,.74000001,2.3299999,4,3
509,0,Roy Rogers,Pennsylvania,2,3,16,3,5,13,.25,2,6,16,1.05,.94999999,1.16,6,3
509,1,Roy Rogers,Pennsylvania,,5.5,10,3,4.25,26,.2,2,6.5,15.5,1,1.01,.94,3,2
510,0,Roy Rogers,Pennsylvania,0,7,25,4,4.25,26,.25,2,6,16,1.05,.91000003,1.05,3,3
510,1,Roy Rogers,Pennsylvania,2,2.5,17.5,3,,13,,2,7,15,1.05,1.01,,5,3
511,0,Roy Rogers,Pennsylvania,0,4,16,3,4.75,9,.15000001,2,6,16.5,1.01,.91000003,1.05,4,4
511,1,Roy Rogers,Pennsylvania,,3,13,3,4.75,,,2,7,15,1.01,1.01,.88999999,6,2
514,0,Roy Rogers,Pennsylvania,0,5,20,3,4.5,26,.25,2,6,16,.94,.89999998,.94,5,3
514,1,Roy Rogers,Pennsylvania,1,23,16,3,4.25,10,.2,2,6,16,.94999999,.94999999,1.05,6,4
515,0,Roy Rogers,Pennsylvania,0,7,16,4,5,13,.2,2,6,16,1.05,.94,1.16,5,3
515,1,Roy Rogers,Pennsylvania,,5,19,3,4.75,13,.18000001,2,6,16,1.01,1.01,.94,5,4
516,0,Roy Rogers,Pennsylvania,2,6,22.5,3,4.75,13,.12,3,6,16,1.05,.91000003,1.05,4,3
516,1,Roy Rogers,Pennsylvania,,2,12,2,4.9099998,14,.18000001,2,8,14,1.01,.94999999,.88999999,5,3
521,0,Burger King,Pennsylvania,0,2.5,20,3,4.25,13,,2,6.5,16.5,,,.51999998,4,4
521,1,Burger King,Pennsylvania,,0,12,8,4.4000001,13,.13,2,7,16,.41,.83999997,.88999999,4,2
522,0,Burger King,Pennsylvania,2,2,30,4,4.3499999,26,.2,3,7,16,1,.87,.94,3,3
522,1,Burger King,Pennsylvania,,3,23,3,4.25,26,.15000001,3,7,16,1,.74000001,.94999999,3,3
